policy,T,err_l2_mean,err_l2_med,err_l2_q90,err_linf_mean,err_linf_med,err_tv_mean,S_norm_mean,S_norm_q90,S_norm_max,cost_mean,cost_per_sample,uncertain_mean,alloc_err,samp_err,pull_ONLINE,pull_PORTAL,pull_LANDLINE,pull_CELL,pull_MEDICARE,pull_MEDICAID,pull_VA,pull_ED,pull_INPATIENT,pull_TELEHEALTH,pull_SPANISH,pull_SITE_NE,pull_SITE_MW,pull_SITE_S,pull_SITE_W,pull_RURAL,scenario,experiment,ladder,margin_c,K
ALG2(beta=0.3),10,0.26529965505881414,0.2388399776862454,0.39996014674628866,0.19229407297526585,0.16501012762806297,0.23495491169649613,2.652996550588142,3.999601467462887,5.610146394833418,1736.0,173.6,10.0,0.06726996071149824,0.25577184630227917,0.1,0.1,0.1,0.1,0.1,0.1,0.1,0.1,0.1,0.1,0.0,0.0,0.0,0.0,0.0,0.0,S-DIAB__L5_K4_agesex,E2.4,L5_K4_agesex,0.025618104264272634,4
ALG2(beta=0.3),16,0.19794242404692658,0.19492470948402496,0.32716857150329376,0.14551347230667178,0.13963095377268273,0.17286764292907553,3.1670787847508253,5.2346971440527,6.786295195784338,2930.0,183.125,16.0,0.03873437337790918,0.19492941545051382,0.0625,0.0625,0.0625,0.0625,0.0625,0.0625,0.0625,0.0625,0.0625,0.0625,0.0625,0.0625,0.0625,0.0625,0.0625,0.0625,S-DIAB__L5_K4_agesex,E2.4,L5_K4_agesex,0.025618104264272634,4
ALG2(beta=0.3),26,0.1466529671787871,0.13957156926249525,0.23096594815385396,0.10819901601814565,0.11120378202169325,0.12702205874007633,3.812977146648464,6.005114652000203,8.115896065164925,4723.15,181.65961538461536,26.0,0.04398664089137871,0.1532854954607932,0.07051282051282051,0.06602564102564103,0.06346153846153846,0.05897435897435898,0.06314102564102564,0.06217948717948718,0.06570512820512821,0.06442307692307693,0.061217948717948716,0.06282051282051282,0.0673076923076923,0.052884615384615384,0.061217948717948716,0.060897435897435896,0.06153846153846154,0.057692307692307696,S-DIAB__L5_K4_agesex,E2.4,L5_K4_agesex,0.025618104264272634,4
ALG2(beta=0.3),43,0.10348515892595449,0.10228756196625663,0.16237564598640922,0.07936666142671672,0.07812565180982706,0.08864984938501201,4.449861833816042,6.982152777415597,9.700149857486261,7810.875,181.64825581395348,43.0,0.04527018308798529,0.11527293932269901,0.07248062015503876,0.06414728682170542,0.05755813953488372,0.057364341085271324,0.05872093023255814,0.06259689922480621,0.07034883720930232,0.05775193798449613,0.06027131782945737,0.0687984496124031,0.0687984496124031,0.05968992248062016,0.06356589147286822,0.061046511627906974,0.06375968992248061,0.053100775193798445,S-DIAB__L5_K4_agesex,E2.4,L5_K4_agesex,0.025618104264272634,4
ALG2(beta=0.3),70,0.07868226178155184,0.08238103291702681,0.1230445398196015,0.058316794649165234,0.05748809662982541,0.06888841233286752,5.50775832470863,8.613117787372106,16.815400140729395,12712.916666666666,181.61309523809524,70.0,0.04494498373169561,0.0906164808194581,0.07095238095238095,0.06595238095238094,0.05773809523809524,0.05666666666666667,0.056190476190476187,0.06690476190476191,0.07321428571428572,0.055357142857142855,0.058571428571428566,0.06666666666666667,0.06988095238095238,0.06035714285714285,0.06166666666666666,0.059761904761904766,0.06488095238095239,0.05523809523809524,S-DIAB__L5_K4_agesex,E2.4,L5_K4_agesex,0.025618104264272634,4
ALG2(beta=0.3),113,0.058370622423095986,0.057694250495693586,0.09434235358837716,0.04389965142209587,0.043392015719585265,0.05098115909476576,6.595880333809847,10.660685955486619,15.072392566739728,20554.483333333334,181.89808259587022,113.0,0.042219952115104646,0.06962495913505948,0.07190265486725664,0.06275811209439529,0.05213864306784661,0.06047197640117994,0.05685840707964602,0.0769174041297935,0.06821533923303835,0.054941002949852505,0.05914454277286136,0.06452802359882007,0.07293510324483776,0.05774336283185841,0.05929203539823009,0.06010324483775811,0.06548672566371681,0.056563421828908556,S-DIAB__L5_K4_agesex,E2.4,L5_K4_agesex,0.025618104264272634,4
ALG2(beta=0.3),183,0.04463911145278113,0.03895625451826468,0.07914880471484466,0.03295898992258585,0.028648716350379754,0.039507500610343776,8.168957395858945,14.484231262816571,26.731360497041884,33202.84166666667,181.4362932604736,183.0,0.03891285485120925,0.05481085816841204,0.07144808743169398,0.06684881602914389,0.051684881602914394,0.05901639344262295,0.054098360655737705,0.08337887067395264,0.06179417122040073,0.0592896174863388,0.05623861566484517,0.06839708561020037,0.07581967213114754,0.053551912568306013,0.0575591985428051,0.059653916211293255,0.0632969034608379,0.05792349726775956,S-DIAB__L5_K4_agesex,E2.4,L5_K4_agesex,0.025618104264272634,4
ALG2(beta=0.3),298,0.03454975229936537,0.031717400971314647,0.058894949706477066,0.02535281663420535,0.023399389373029416,0.030569000097980227,10.295826185210876,17.550695012530166,31.108133061685475,54080.183333333334,181.47712527964205,298.0,0.03540823114897592,0.0419712464702312,0.06842841163310961,0.06954697986577181,0.04840604026845638,0.06051454138702461,0.050307606263982105,0.08685682326621924,0.05869686800894855,0.060374720357941836,0.053691275167785234,0.07100111856823267,0.08109619686800895,0.052265100671140936,0.05620805369127517,0.05760626398210291,0.06722595078299777,0.05777404921700223,S-DIAB__L5_K4_agesex,E2.4,L5_K4_agesex,0.025618104264272634,4
ALG2(beta=0.3),483,0.029032667849965683,0.026488334805417332,0.049189933805508554,0.02079814250340004,0.019190722617329473,0.026249915911135725,14.022778571533427,23.758738028060627,38.64315032145309,86807.9,179.72650103519666,483.0,0.0313035381604668,0.03342751675555401,0.07429261559696342,0.07746721877156659,0.043719806763285025,0.06287094547964113,0.047429261559696345,0.08623188405797101,0.0536231884057971,0.06055900621118013,0.051949620427881295,0.07130779848171154,0.08395445134575569,0.05146652864044168,0.05055210489993099,0.055175983436852996,0.07167011732229124,0.057729468599033815,S-DIAB__L5_K4_agesex,E2.4,L5_K4_agesex,0.025618104264272634,4
ALG2(beta=0.3),785,0.02399481631563647,0.022061521089390253,0.044666550717824174,0.01712162897741926,0.015965541640801828,0.02174570468623184,18.835930807774627,35.06324231349198,61.41469151350979,140763.33333333334,179.3163481953291,785.0,0.028641505648351027,0.0275015392999472,0.07552016985138003,0.0794692144373673,0.040626326963906584,0.06837579617834394,0.048683651804670915,0.07991507430997877,0.0490552016985138,0.059150743099787684,0.050169851380042464,0.07238853503184714,0.08664543524416135,0.05357749469214437,0.04765392781316348,0.058991507430997875,0.07430997876857749,0.05546709129511677,S-DIAB__L5_K4_agesex,E2.4,L5_K4_agesex,0.025618104264272634,4
ALG2(beta=0.3),1274,0.01963932804306309,0.01756951169057052,0.036561927663661974,0.013580987067863589,0.012585387118712071,0.018146393127076044,25.02050392686238,46.579895843505355,67.45462433104733,228267.81666666668,179.17411041339614,1274.0,0.025723412507947817,0.022424105287896335,0.07526164311878598,0.08084772370486656,0.03677394034536892,0.07370486656200942,0.047475143903715336,0.07846023024594453,0.04487833594976452,0.05830062794348509,0.04641548927263213,0.07708006279434851,0.0869440083725798,0.05085034013605442,0.04418498168498168,0.06289900575614862,0.08446493982208268,0.05145866038723182,S-DIAB__L5_K4_agesex,E2.4,L5_K4_agesex,0.025618104264272634,4
ALG2(beta=0.3),2069,0.017475266015698175,0.016335924375889044,0.027835191128274886,0.01186835329028262,0.011102310564856603,0.01638186740006077,36.15632538647953,57.59101044440074,98.26897932684086,371517.50833333336,179.56380296439505,2069.0,0.02208643353706951,0.016882281284258116,0.0696350894151764,0.08340583212502013,0.032241823747381985,0.07876993716771387,0.04542452070243274,0.0648823908490414,0.04281859191235702,0.05500241662638956,0.04543660383438054,0.07694135653294668,0.08755840180441438,0.05083776381504753,0.039334622200741104,0.07622039632672788,0.1045352021910746,0.04695505074915418,S-DIAB__L5_K4_agesex,E2.4,L5_K4_agesex,0.025618104264272634,4
ALG2(beta=0.3),3360,0.014964914403654236,0.014248599691549377,0.02519196335951054,0.00994097122899566,0.00984160253451414,0.014189236045690683,50.28211239627823,84.64499688795541,115.77070943402974,605817.3333333334,180.30277777777778,3360.0,0.018457417759616297,0.013922356340544258,0.06405753968253967,0.08316468253968254,0.029412202380952383,0.08538938492063493,0.046438492063492064,0.05285714285714285,0.04006944444444444,0.051870039682539684,0.04230902777777778,0.07520585317460317,0.09545882936507936,0.04981150793650794,0.03567956349206349,0.08212549603174603,0.12607886904761906,0.04007192460317461,S-DIAB__L5_K4_agesex,E2.4,L5_K4_agesex,0.025618104264272634,4
ALG2(beta=0.3),5456,0.011803929176218931,0.010303539164825563,0.02166507521627656,0.007789697399541935,0.006841943521120868,0.01125576885638255,64.4022375854505,118.20465038000492,166.79815347791714,988907.5583333333,181.25138532502444,5456.0,0.014720245832252501,0.010477109007345253,0.05931390518084067,0.08043896627565983,0.025879765395894427,0.08970705034213099,0.04833822091886608,0.040331744868035195,0.0379963954056696,0.04627932551319648,0.03624144672531769,0.07322366813294233,0.10258278347996092,0.04622892228739003,0.03039619990224829,0.0887035679374389,0.1595216275659824,0.0348164100684262,S-DIAB__L5_K4_agesex,E2.4,L5_K4_agesex,0.025618104264272634,4
ALG2(beta=0.3),8859,0.008302006797960722,0.007230775617850689,0.01549023644930724,0.00541441586346117,0.004394406033357525,0.007942471347610064,73.54747822313405,137.22800470441285,174.9870728785627,1616493.0666666667,182.46902208676676,8859.0,0.010984197069415658,0.008360051851075585,0.05357640064717613,0.07658877977198329,0.02363509801708244,0.09875550287842871,0.04828140873687775,0.03063080859389698,0.03530025962298228,0.04088121307897807,0.031206494337208863,0.06693287428979945,0.10569101102457013,0.042701395943861235,0.024916280994845167,0.0946034164879407,0.19883639989464574,0.02746265567972307,S-DIAB__L5_K4_agesex,E2.4,L5_K4_agesex,0.025618104264272634,4
ALG2(beta=0.3),14384,0.004935462425900849,0.003955500093502336,0.010454650078185945,0.0032575911082594186,0.002506318078710519,0.004702790849579027,70.99169153415781,150.37968672462662,265.29340943776936,2639498.191666667,183.50237706247685,14384.0,0.0076166753556516364,0.0064427307781953925,0.0498401001112347,0.0721884269558769,0.020709352984797924,0.1007618418613274,0.04767623748609566,0.025661035409714497,0.034271296811271786,0.03518203096032629,0.025564863737486097,0.05871048850574713,0.09977695124212087,0.03745133481646274,0.020296857619577308,0.09624698739340008,0.253984751575825,0.021677442528735633,S-DIAB__L5_K4_agesex,E2.4,L5_K4_agesex,0.025618104264272634,4
ALG2(beta=0.3),23357,0.0020681762969270317,0.001131348485138367,0.005058142385890658,0.001344291434404069,0.0007507884059063296,0.0019794131659662674,48.30639376732468,118.1430317072481,384.9135206486998,4326197.483333333,185.22059696593456,23357.0,0.005412565330920548,0.005244352037099377,0.042343480184384406,0.06615575630431991,0.01829287437028157,0.09650889811762355,0.050017125487006035,0.025261877238800644,0.035334517846184584,0.029168628962052773,0.020317606427766123,0.04845763582651882,0.10505594325755305,0.033337971486064134,0.015760442979263888,0.08303078306289334,0.31425375690371193,0.016702701545575203,S-DIAB__L5_K4_agesex,E2.4,L5_K4_agesex,0.025618104264272634,4
ALG2(beta=0.3),37927,0.0007375052281757432,0.0004441406317067339,0.0011771402855670996,0.00048651771603280895,0.000291579211910427,0.0007003114882505519,27.97136078902141,44.645399610703386,355.5189451262819,7077638.616666666,186.6121395487823,37927.0,0.00411015963609788,0.004039312303889164,0.03756668512317522,0.05997552315412942,0.017265184872694038,0.0870158462309173,0.055170678760074185,0.030475650591926595,0.03851609671210483,0.02328244610260061,0.01565595310289064,0.03908187658747946,0.12041663370861568,0.02909756461975198,0.01203100693437393,0.07397764125820655,0.3479882405674058,0.012482971673653774,S-DIAB__L5_K4_agesex,E2.4,L5_K4_agesex,0.025618104264272634,4
ALG2(beta=0.3),61585,0.00032196674239960444,0.00021287279938066232,0.0004731506833899378,0.00021834349412714135,0.00014217300056882558,0.00030236905204992636,19.82832183067965,29.138984836569318,331.64807995315533,11567683.541666666,187.83280899028443,61585.0,0.003314364720433129,0.0032996470411473734,0.0320565072663798,0.05587413060539633,0.017233904359827877,0.0758091797245,0.06094097588698547,0.03612676246921599,0.04251535817704528,0.019323428323996642,0.01144786338664718,0.029823279478227924,0.1410695245054261,0.024521257882060027,0.009185137073421558,0.062039051717138916,0.37220887120781576,0.00982476793591513,S-DIAB__L5_K4_agesex,E2.4,L5_K4_agesex,0.025618104264272634,4
ALG2(beta=0.3),100000,0.00016318947052262466,0.0001118482139929366,0.00025974266973513945,0.00011092145596163445,7.974410763074649e-05,0.0001515383265110425,16.318947052262466,25.97426697351394,416.9051263272617,18886139.95,188.8613995,100000.0,0.0026455486324818115,0.0026210650866901795,0.0272885,0.052543,0.017312666666666667,0.06389683333333333,0.06558566666666667,0.042640166666666666,0.04682183333333333,0.014893,0.008322999999999999,0.0235095,0.15788658333333333,0.020556416666666667,0.00701,0.05274508333333333,0.39141925000000005,0.007568500000000001,S-DIAB__L5_K4_agesex,E2.4,L5_K4_agesex,0.025618104264272634,4
ORACLE-CL,10,0.18758343587502677,0.15860723750523062,0.32654894549433205,0.13102760033520255,0.13536904622731727,0.1704891308454131,1.8758343587502677,3.265489454943321,4.2760863714674695,1863.0,186.3,0.0,0.12042192899450195,0.2298613079099054,0.1,0.0,0.08583333333333333,0.0,0.11416666666666667,0.32333333333333336,0.205,0.0,0.0,0.0,0.09416666666666666,0.0,0.0,0.0,0.0775,0.0,S-DIAB__L5_K4_agesex,E2.4,L5_K4_agesex,0.025618104264272634,4
ORACLE-CL,16,0.14002947835860471,0.1291954287254151,0.24566225124641716,0.10239484682101324,0.0775897441076312,0.12298514848903394,2.2404716537376754,3.9305960199426746,6.354948333760211,3057.0,191.0625,0.0,0.10020134618373124,0.18340918065899695,0.0625,0.0,0.0734375,0.0,0.13333333333333333,0.31666666666666665,0.17864583333333334,0.0,0.0,0.0,0.14583333333333334,0.0,0.0,0.0,0.08958333333333333,0.0,S-DIAB__L5_K4_agesex,E2.4,L5_K4_agesex,0.025618104264272634,4
ORACLE-CL,26,0.1073689845372518,0.09764068507049684,0.18587544626666092,0.07584542544651178,0.0727820517999389,0.09443786380204294,2.791593597968547,4.832761602933184,7.836987210113426,5047.0,194.1153846153846,0.0,0.08995667829491728,0.14853197899760487,0.038461538461538464,0.0,0.06474358974358975,0.0,0.12820512820512822,0.3112179487179487,0.16923076923076924,0.0,0.0,0.0,0.17884615384615385,0.0,0.0,0.0,0.1092948717948718,0.0,S-DIAB__L5_K4_agesex,E2.4,L5_K4_agesex,0.025618104264272634,4
ORACLE-CL,43,0.0700125555664355,0.0603905314452847,0.12224997927684128,0.051130205697078566,0.04407989506992344,0.062336370039595836,3.010539889356727,5.256749108904176,12.18382150845165,8430.0,196.04651162790697,0.0,0.07939199878638449,0.11260060309734371,0.023255813953488372,0.0,0.060077519379844964,0.0,0.11821705426356588,0.30135658914728686,0.15891472868217055,0.0,0.0,0.0,0.20910852713178296,0.0,0.0,0.0,0.12906976744186047,0.0,S-DIAB__L5_K4_agesex,E2.4,L5_K4_agesex,0.025618104264272634,4
ORACLE-CL,70,0.05188947251646343,0.0475726582741063,0.09470795611789623,0.036948157441373586,0.03609345956966598,0.046500510668672515,3.632263076152439,6.629556928252736,13.368252228180474,13803.0,197.18571428571428,0.0,0.06718464424724228,0.08702602679087551,0.014285714285714285,0.0,0.052738095238095244,0.0,0.12095238095238095,0.29892857142857143,0.1505952380952381,0.0,0.0,0.0,0.21726190476190477,0.0,0.0,0.0,0.14523809523809522,0.0,S-DIAB__L5_K4_agesex,E2.4,L5_K4_agesex,0.025618104264272634,4
ORACLE-CL,113,0.03895790017972622,0.034198486823196636,0.06698612932277027,0.02839745455796662,0.025234110340388867,0.03457627634772496,4.402242720309063,7.569432613473041,15.79641808376722,22350.475,197.79181415929202,0.0,0.05859230103256941,0.06936970641118828,0.008849557522123894,0.000663716814159292,0.05154867256637168,0.0,0.11806784660766961,0.2784660766961652,0.13694690265486725,0.0,0.0,0.0,0.23539823008849559,0.0,0.0,0.0,0.1700589970501475,0.0,S-DIAB__L5_K4_agesex,E2.4,L5_K4_agesex,0.025618104264272634,4
ORACLE-CL,183,0.02980015427627662,0.025989445976312996,0.05373578415513509,0.02073146239058131,0.019063261356849676,0.02732879169061009,5.453428232558622,9.833648500389721,16.58073231281224,36273.066666666666,198.21347905282332,0.0,0.04961419246903476,0.05563333950986428,0.00546448087431694,0.0007285974499089253,0.04307832422586521,0.0,0.12012750455373407,0.24180327868852458,0.12254098360655738,0.0,0.0,0.0,0.2582422586520947,0.0,0.0,0.0,0.2080145719489982,0.0,S-DIAB__L5_K4_agesex,E2.4,L5_K4_agesex,0.025618104264272634,4
ORACLE-CL,298,0.02091755902335642,0.018841344422844953,0.03700388446071472,0.014962258391496635,0.01341189175863791,0.01865422915195584,6.2334325889602145,11.027157569292985,25.83703131057534,59153.833333333336,198.50279642058166,0.0,0.03988974356101132,0.04244884854173255,0.003355704697986577,0.0005592841163310962,0.03495525727069351,0.0,0.11414988814317673,0.20430648769574944,0.1081096196868009,0.0,0.0,0.0,0.26742170022371364,0.0,0.0,0.0,0.2671420581655481,0.0,S-DIAB__L5_K4_agesex,E2.4,L5_K4_agesex,0.025618104264272634,4
ORACLE-CL,483,0.016971619769818647,0.014933380556773783,0.03177493944366338,0.011934076350451583,0.010253350625184992,0.015465479429383885,8.197292348822405,15.347295751289412,25.181253430257605,95928.61666666667,198.609972394755,0.0,0.030562410298641523,0.03359417144903391,0.002070393374741201,0.0010006901311249137,0.02763975155279503,0.0,0.10788474810213941,0.17581090407177366,0.09932712215320912,0.0,0.0,0.0,0.28511042097998623,0.0,0.0,0.0,0.3011559696342305,0.0,S-DIAB__L5_K4_agesex,E2.4,L5_K4_agesex,0.025618104264272634,4
ORACLE-CL,785,0.009920226079536854,0.009052936983150857,0.019337040663277714,0.0070423938315933065,0.006469937509177076,0.008955785091717896,7.78737747243643,15.179576920673005,23.14007759078841,155975.81666666668,198.69530785562634,0.0,0.025622101211978773,0.02700230761608767,0.0012738853503184713,0.0011252653927813162,0.022229299363057325,0.0,0.10605095541401274,0.14577494692144374,0.09110403397027601,0.0,0.0,0.0,0.290276008492569,0.0,0.0,0.0,0.34216560509554145,0.0,S-DIAB__L5_K4_agesex,E2.4,L5_K4_agesex,0.025618104264272634,4
ORACLE-CL,1274,0.0065600740142741166,0.005660891978017786,0.013472453952744847,0.004616669639394221,0.003708268440441193,0.005985360598954643,8.357534294185223,17.163906335796934,27.74954115685486,253188.39166666666,198.7350013082156,0.0,0.020586330965835106,0.02109350274055643,0.0007849293563579278,0.0013016745159602303,0.01922422815279958,0.0,0.10264913657770801,0.1307234432234432,0.08417059131344845,0.0,0.0,0.0,0.2918432757718472,0.0,0.0,0.0,0.36930272108843537,0.0,S-DIAB__L5_K4_agesex,E2.4,L5_K4_agesex,0.025618104264272634,4
ORACLE-CL,2069,0.005027197424497583,0.00453740942990348,0.009856879652937068,0.0035042456826209676,0.003127443479308203,0.004615166196427864,10.401271471285499,20.393884001926793,27.771024130679905,411235.7,198.76060898985017,0.0,0.01640100157606517,0.016793439415158595,0.0004833252779120348,0.0014016433059449009,0.016763331722249072,0.0,0.09830433381665862,0.11422990172386016,0.08077976478169809,0.0,0.0,0.0,0.2834461092315128,0.0,0.0,0.0,0.4045915901401643,0.0,S-DIAB__L5_K4_agesex,E2.4,L5_K4_agesex,0.025618104264272634,4
ORACLE-CL,3360,0.002928436332367738,0.0023875207022485637,0.00588671660041383,0.002041791271856473,0.001696886964773959,0.00269738017919608,9.8395460767556,19.77936777739047,49.970450537652646,667890.7,198.77699404761904,0.0,0.01301512451405579,0.013475912284198492,0.00029761904761904765,0.0014583333333333334,0.014685019841269843,0.0,0.09512896825396826,0.09922123015873016,0.07563988095238096,0.0,0.0,0.0,0.27299603174603176,0.0,0.0,0.0,0.4405729166666667,0.0,S-DIAB__L5_K4_agesex,E2.4,L5_K4_agesex,0.025618104264272634,4
ORACLE-CL,5456,0.0018836692880632416,0.0016806160044455058,0.0033550210055809542,0.001341314857752168,0.0011601253393025064,0.0017082396354044763,10.277299635673048,18.304994606449682,39.51790961981898,1084576.6583333334,198.78604441593356,0.0,0.01061350337451703,0.010617928356426559,0.00018328445747800586,0.0015014051808406646,0.013225500977517107,0.0,0.09494134897360704,0.09192631964809385,0.07401179130009775,0.0,0.0,0.0,0.271140334799609,0.0,0.0,0.0,0.45307001466275654,0.0,S-DIAB__L5_K4_agesex,E2.4,L5_K4_agesex,0.025618104264272634,4
ORACLE-CL,8859,0.0012697515546673842,0.0011476170485269113,0.0023924544314356533,0.000859413842056491,0.000785840657078879,0.0011773325551548493,11.248729022798356,21.19475380808845,35.37314606160338,1761025.4166666667,198.78376980095572,0.0,0.00804858489944274,0.008216154591957413,0.00011287955751213455,0.0015897204349625616,0.0120226135380216,0.0,0.09459589118410655,0.08666610226887911,0.07180362719644806,0.0,0.0,0.0,0.27018662753508677,0.0,0.0,0.0,0.4630225382849833,0.0,S-DIAB__L5_K4_agesex,E2.4,L5_K4_agesex,0.025618104264272634,4
ORACLE-CL,14384,0.0006197826537968229,0.0004942264550661893,0.0013884159984276306,0.00043542970516779745,0.0003444130099965238,0.0005606771506643701,8.9149536922135,19.970975721383038,41.562833793642525,2859276.9833333334,198.7817702539859,0.0,0.0065453510615283116,0.006565127561441347,6.952169076751947e-05,0.0016488227660363365,0.011086971635150166,0.0,0.09346901649981461,0.08198461253244345,0.07116008527994068,0.0,0.0,0.0,0.2700008110863923,0.0,0.0,0.0,0.47058015850945495,0.0,S-DIAB__L5_K4_agesex,E2.4,L5_K4_agesex,0.025618104264272634,4
ORACLE-CL,23357,0.00038091369867537946,0.00033015995792950726,0.0007121957133813486,0.00026265592792008727,0.00023702379572512733,0.00034807006837115386,8.897001259960838,16.634755277448157,30.180363749562115,4643112.225,198.7888951920195,0.0,0.0053071437091022685,0.0053151513795500005,4.2813717515091834e-05,0.0016194288650083488,0.010923206462017096,0.0,0.09387300024261107,0.08129611394157354,0.07113249418447004,0.0,0.0,0.0,0.2713761755933268,0.0,0.0,0.0,0.46973676699347805,0.0,S-DIAB__L5_K4_agesex,E2.4,L5_K4_agesex,0.025618104264272634,4
ORACLE-CL,37927,0.00025582909251911477,0.00021434732825170236,0.0005102460478709768,0.00017880152156292138,0.00014187588823289811,0.0002332914422988613,9.702829991972468,19.352101857602538,29.7423712772059,7539778.916666667,198.79713440732635,0.0,0.003821805963337809,0.003841106366966793,2.63664407941572e-05,0.0015710004306518663,0.011099172972640422,0.0,0.0944738137298846,0.08183835614030462,0.07081256976120794,0.0,0.0,0.0,0.27162223921392853,0.0,0.0,0.0,0.46855648131058786,0.0,S-DIAB__L5_K4_agesex,E2.4,L5_K4_agesex,0.025618104264272634,4
ORACLE-CL,61585,0.0001744202426597747,0.00015687269623658971,0.0003206134718095037,0.00012477474232222032,0.00011450663097269502,0.00015810066624558956,10.741670644202225,19.74498066138829,36.21319526594257,12243264.275,198.80269992693027,0.0,0.003212857599626188,0.0032296668158622007,1.623772022408054e-05,0.001537306162214825,0.01095748423587995,0.0,0.09415090254661579,0.08090552353116288,0.07016657194663202,0.0,0.0,0.0,0.2699836269654407,0.0,0.0,0.0,0.47228234689182974,0.0,S-DIAB__L5_K4_agesex,E2.4,L5_K4_agesex,0.025618104264272634,4
ORACLE-CL,100000,9.927287382485028e-05,8.489221443480131e-05,0.00019985405101775137,7.119416607418939e-05,5.993586784699795e-05,8.946702067860641e-05,9.927287382485028,19.985405101775136,40.11268872199506,19880049.358333334,198.80049358333335,0.0,0.0025472569170607016,0.0025449713446326415,1e-05,0.0015609166666666666,0.010957083333333333,0.0,0.09351741666666667,0.07996991666666667,0.07008491666666666,0.0,0.0,0.0,0.26813291666666667,0.0,0.0,0.0,0.47576683333333336,0.0,S-DIAB__L5_K4_agesex,E2.4,L5_K4_agesex,0.025618104264272634,4
N2-UNIFORM,10,0.26529965505881414,0.2388399776862454,0.39996014674628866,0.19229407297526585,0.16501012762806297,0.23495491169649613,2.652996550588142,3.999601467462887,5.610146394833418,1736.0,173.6,0.0,0.06726996071149824,0.25577184630227917,0.1,0.1,0.1,0.1,0.1,0.1,0.1,0.1,0.1,0.1,0.0,0.0,0.0,0.0,0.0,0.0,S-DIAB__L5_K4_agesex,E2.4,L5_K4_agesex,0.025618104264272634,4
N2-UNIFORM,16,0.19794242404692658,0.19492470948402496,0.32716857150329376,0.14551347230667178,0.13963095377268273,0.17286764292907553,3.1670787847508253,5.2346971440527,6.786295195784338,2930.0,183.125,0.0,0.03873437337790918,0.19492941545051382,0.0625,0.0625,0.0625,0.0625,0.0625,0.0625,0.0625,0.0625,0.0625,0.0625,0.0625,0.0625,0.0625,0.0625,0.0625,0.0625,S-DIAB__L5_K4_agesex,E2.4,L5_K4_agesex,0.025618104264272634,4
N2-UNIFORM,26,0.15450028016914352,0.1483580714727704,0.2398147280810327,0.11423516863556041,0.11124359026147736,0.13312988232552897,4.017007284397732,6.235182930106851,8.115896065164925,4666.0,179.46153846153845,0.0,0.04939914451321913,0.14653569501070668,0.07692307692307693,0.07692307692307693,0.07692307692307693,0.07692307692307693,0.07692307692307693,0.07692307692307693,0.07692307692307693,0.07692307692307693,0.07692307692307693,0.07692307692307693,0.038461538461538464,0.038461538461538464,0.038461538461538464,0.038461538461538464,0.038461538461538464,0.038461538461538464,S-DIAB__L5_K4_agesex,E2.4,L5_K4_agesex,0.025618104264272634,4
N2-UNIFORM,43,0.11746944882864939,0.11566066551757229,0.18417741671044632,0.08893749374230679,0.08374746519469438,0.10188661101448011,5.051186299631923,7.919628918549192,10.671512804518658,7795.0,181.27906976744185,0.0,0.04175645444277764,0.11144954074668757,0.06976744186046512,0.06976744186046512,0.06976744186046512,0.06976744186046512,0.06976744186046512,0.06976744186046512,0.06976744186046512,0.06976744186046512,0.06976744186046512,0.06976744186046512,0.06976744186046512,0.046511627906976744,0.046511627906976744,0.046511627906976744,0.046511627906976744,0.046511627906976744,S-DIAB__L5_K4_agesex,E2.4,L5_K4_agesex,0.025618104264272634,4
N2-UNIFORM,70,0.09197370309795569,0.08853984981722315,0.14388590200213577,0.0686871207588219,0.06501012762806298,0.07969242756027194,6.438159216856897,10.072013140149505,17.34177136173082,12660.0,180.85714285714286,0.0,0.039898838360420734,0.08511256001829447,0.07142857142857142,0.07142857142857142,0.07142857142857142,0.07142857142857142,0.07142857142857142,0.07142857142857142,0.05714285714285714,0.05714285714285714,0.05714285714285714,0.05714285714285714,0.05714285714285714,0.05714285714285714,0.05714285714285714,0.05714285714285714,0.05714285714285714,0.05714285714285714,S-DIAB__L5_K4_agesex,E2.4,L5_K4_agesex,0.025618104264272634,4
N2-UNIFORM,113,0.07480485605483805,0.07312304757803409,0.11181658659086208,0.056920632256714405,0.05395311702377757,0.06449830037830047,8.4529487341967,12.635274284767416,22.664690746328684,20582.0,182.141592920354,0.0,0.03801883500345728,0.06678419526050282,0.07079646017699115,0.061946902654867256,0.061946902654867256,0.061946902654867256,0.061946902654867256,0.061946902654867256,0.061946902654867256,0.061946902654867256,0.061946902654867256,0.061946902654867256,0.061946902654867256,0.061946902654867256,0.061946902654867256,0.061946902654867256,0.061946902654867256,0.061946902654867256,S-DIAB__L5_K4_agesex,E2.4,L5_K4_agesex,0.025618104264272634,4
N2-UNIFORM,183,0.0620136511294891,0.06292707645739526,0.09418507593645518,0.04682009873193346,0.0463856657284344,0.053402282979117435,11.348498156696506,17.2358688963713,25.542334867426522,33369.0,182.34426229508196,0.0,0.04050762273685744,0.05077467025988052,0.06557377049180328,0.06557377049180328,0.06557377049180328,0.06557377049180328,0.06557377049180328,0.06557377049180328,0.06557377049180328,0.060109289617486336,0.060109289617486336,0.060109289617486336,0.060109289617486336,0.060109289617486336,0.060109289617486336,0.060109289617486336,0.060109289617486336,0.060109289617486336,S-DIAB__L5_K4_agesex,E2.4,L5_K4_agesex,0.025618104264272634,4
N2-UNIFORM,298,0.05415756776596048,0.0538698606342798,0.08233004316579685,0.04065348070315206,0.037382469046109354,0.046631179169565606,16.138955194256223,24.53435286340746,39.62420848944842,54476.0,182.80536912751677,0.0,0.03963879927449313,0.04200821623648479,0.06375838926174497,0.06375838926174497,0.06375838926174497,0.06375838926174497,0.06375838926174497,0.06375838926174497,0.06375838926174497,0.06375838926174497,0.06375838926174497,0.06375838926174497,0.06040268456375839,0.06040268456375839,0.06040268456375839,0.06040268456375839,0.06040268456375839,0.06040268456375839,S-DIAB__L5_K4_agesex,E2.4,L5_K4_agesex,0.025618104264272634,4
N2-UNIFORM,483,0.04925744319196659,0.0499918946081249,0.06741234658007964,0.036648936330302875,0.03734647288609862,0.0429641836840685,23.791345061719863,32.56016339817847,52.823260894933995,88243.0,182.6977225672878,0.0,0.038807505285756175,0.033677334960306886,0.06418219461697723,0.06418219461697723,0.06418219461697723,0.062111801242236024,0.062111801242236024,0.062111801242236024,0.062111801242236024,0.062111801242236024,0.062111801242236024,0.062111801242236024,0.062111801242236024,0.062111801242236024,0.062111801242236024,0.062111801242236024,0.062111801242236024,0.062111801242236024,S-DIAB__L5_K4_agesex,E2.4,L5_K4_agesex,0.025618104264272634,4
N2-UNIFORM,785,0.04390879893964582,0.041349201236698954,0.06339017236351728,0.033186317207874176,0.030872991989243148,0.037835055993585394,34.46840716762197,49.76128530536106,72.72986412661386,143642.0,182.98343949044585,0.0,0.03863086932359173,0.026626273304032208,0.06369426751592357,0.062420382165605096,0.062420382165605096,0.062420382165605096,0.062420382165605096,0.062420382165605096,0.062420382165605096,0.062420382165605096,0.062420382165605096,0.062420382165605096,0.062420382165605096,0.062420382165605096,0.062420382165605096,0.062420382165605096,0.062420382165605096,0.062420382165605096,S-DIAB__L5_K4_agesex,E2.4,L5_K4_agesex,0.025618104264272634,4
N2-UNIFORM,1274,0.04358121255457757,0.04378035513839681,0.056596499028872205,0.033074435638231946,0.0327108463859001,0.03707285699561149,55.52246479453183,72.1039397627832,132.5498838292521,233206.0,183.0502354788069,0.0,0.038945362258245894,0.02123973578757653,0.06279434850863422,0.06279434850863422,0.06279434850863422,0.06279434850863422,0.06279434850863422,0.06279434850863422,0.06279434850863422,0.06279434850863422,0.06279434850863422,0.06279434850863422,0.06200941915227629,0.06200941915227629,0.06200941915227629,0.06200941915227629,0.06200941915227629,0.06200941915227629,S-DIAB__L5_K4_agesex,E2.4,L5_K4_agesex,0.025618104264272634,4
N2-UNIFORM,2069,0.04193761743075616,0.04183309603541212,0.053445473440978226,0.031972171514964044,0.03220798323372401,0.035256650278903866,86.7689304642345,110.57868454938395,148.25734883598525,378711.0,183.04059932334462,0.0,0.038834931457090306,0.01736455225114548,0.06283228612856452,0.06283228612856452,0.06283228612856452,0.06283228612856452,0.06283228612856452,0.06234896085065249,0.06234896085065249,0.06234896085065249,0.06234896085065249,0.06234896085065249,0.06234896085065249,0.06234896085065249,0.06234896085065249,0.06234896085065249,0.06234896085065249,0.06234896085065249,S-DIAB__L5_K4_agesex,E2.4,L5_K4_agesex,0.025618104264272634,4
N2-UNIFORM,3360,0.04050682880012821,0.04079909865907003,0.04931570987008379,0.03111477599557466,0.031161172679058755,0.0338699393822624,136.10294476843077,165.70078516348156,202.88140843152652,615300.0,183.125,0.0,0.038734373377908644,0.013907782001009264,0.0625,0.0625,0.0625,0.0625,0.0625,0.0625,0.0625,0.0625,0.0625,0.0625,0.0625,0.0625,0.0625,0.0625,0.0625,0.0625,S-DIAB__L5_K4_agesex,E2.4,L5_K4_agesex,0.025618104264272634,4
N2-UNIFORM,5456,0.03941658565873706,0.039300423418573184,0.04738292146903343,0.030248889446493635,0.030039453141260046,0.03229899876862428,215.0568913540694,258.5212195350464,304.7481896255451,999130.0,183.125,0.0,0.03873437337790878,0.010329407418939552,0.0625,0.0625,0.0625,0.0625,0.0625,0.0625,0.0625,0.0625,0.0625,0.0625,0.0625,0.0625,0.0625,0.0625,0.0625,0.0625,S-DIAB__L5_K4_agesex,E2.4,L5_K4_agesex,0.025618104264272634,4
N2-UNIFORM,8859,0.039743524284276896,0.03979998270813977,0.04625668049303285,0.030594166304257302,0.030502846896605724,0.03204895985449683,352.0878816344091,409.78793248777805,460.26612670186165,1622225.0,183.11604018512247,0.0,0.03874892128866015,0.008552666049332741,0.06253527486172254,0.06253527486172254,0.06253527486172254,0.06253527486172254,0.06253527486172254,0.06253527486172254,0.06253527486172254,0.06253527486172254,0.06253527486172254,0.06253527486172254,0.06253527486172254,0.062422395304210405,0.062422395304210405,0.062422395304210405,0.062422395304210405,0.062422395304210405,S-DIAB__L5_K4_agesex,E2.4,L5_K4_agesex,0.025618104264272634,4
N2-UNIFORM,14384,0.03969670481375068,0.03945538952392025,0.044988560371173415,0.030463155081905592,0.03033966044229417,0.031629316157599695,570.9974020409898,647.1154523789584,686.1674721908424,2634070.0,183.125,0.0,0.03873437337791318,0.006658539795483729,0.0625,0.0625,0.0625,0.0625,0.0625,0.0625,0.0625,0.0625,0.0625,0.0625,0.0625,0.0625,0.0625,0.0625,0.0625,0.0625,S-DIAB__L5_K4_agesex,E2.4,L5_K4_agesex,0.025618104264272634,4
N2-UNIFORM,23357,0.03952672835856783,0.0392986644775011,0.0435237394318268,0.030353549875745647,0.03004844590524488,0.031182782610425206,923.2257942710688,1016.5839819091786,1087.9614356786597,4277203.0,183.12296099670334,0.0,0.03874037540084708,0.005174068846238333,0.06250802757203408,0.06250802757203408,0.06250802757203408,0.06250802757203408,0.06250802757203408,0.06250802757203408,0.06250802757203408,0.06250802757203408,0.06250802757203408,0.06250802757203408,0.06250802757203408,0.06250802757203408,0.06250802757203408,0.06246521385451899,0.06246521385451899,0.06246521385451899,S-DIAB__L5_K4_agesex,E2.4,L5_K4_agesex,0.025618104264272634,4
N2-UNIFORM,37927,0.039193771992881106,0.03904048704658264,0.042154392248219555,0.030222245644270458,0.03003240727055184,0.030731552242363555,1486.5021903740014,1598.7896347982232,1752.3099402660046,6945239.0,183.12123289477154,0.0,0.038742855153845415,0.003961185973312649,0.06251483112294672,0.06251483112294672,0.06251483112294672,0.06251483112294672,0.06251483112294672,0.06251483112294672,0.06251483112294672,0.06248846468215256,0.06248846468215256,0.06248846468215256,0.06248846468215256,0.06248846468215256,0.06248846468215256,0.06248846468215256,0.06248846468215256,0.06248846468215256,S-DIAB__L5_K4_agesex,E2.4,L5_K4_agesex,0.025618104264272634,4
N2-UNIFORM,61585,0.03907203723534257,0.03904121588398773,0.04126964048439118,0.030171422315648577,0.03021269318788479,0.030432194615573095,2406.251413138572,2541.5908092312307,2636.8674610871976,11277642.0,183.1231955833401,0.0,0.03873305300735829,0.0030431929839186285,0.06251522286271008,0.062498985142485995,0.062498985142485995,0.062498985142485995,0.062498985142485995,0.062498985142485995,0.062498985142485995,0.062498985142485995,0.062498985142485995,0.062498985142485995,0.062498985142485995,0.062498985142485995,0.062498985142485995,0.062498985142485995,0.062498985142485995,0.062498985142485995,S-DIAB__L5_K4_agesex,E2.4,L5_K4_agesex,0.025618104264272634,4
N2-UNIFORM,100000,0.038893826315899896,0.03901363942392944,0.04075318819587408,0.029964460961427575,0.029975127628093533,0.03014612627543983,3889.382631589989,4075.3188195874077,4233.387856368682,18312500.0,183.125,0.0,0.03873437337790316,0.0024381329210587297,0.0625,0.0625,0.0625,0.0625,0.0625,0.0625,0.0625,0.0625,0.0625,0.0625,0.0625,0.0625,0.0625,0.0625,0.0625,0.0625,S-DIAB__L5_K4_agesex,E2.4,L5_K4_agesex,0.025618104264272634,4
ALG2(beta=0.3),10,0.22481390256440612,0.20935952244721306,0.3410783652492526,0.17374279565294698,0.15,0.19133589610463098,2.248139025644062,3.4107836524925257,6.141183448677595,1736.0,173.6,10.0,0.0730454311308392,0.21610355118378374,0.1,0.1,0.1,0.1,0.1,0.1,0.1,0.1,0.1,0.1,0.0,0.0,0.0,0.0,0.0,0.0,S-DIAB__L4_K4_blackage,E2.4,L4_K4_blackage,0.008577564316067427,4
ALG2(beta=0.3),16,0.17865446750146735,0.16690914921248162,0.2788955869513288,0.13808529778804496,0.12004565268298588,0.1519553621022431,2.8584714800234776,4.462329391221261,6.599112146888846,2930.0,183.125,16.0,0.039741909206035604,0.17467044350549255,0.0625,0.0625,0.0625,0.0625,0.0625,0.0625,0.0625,0.0625,0.0625,0.0625,0.0625,0.0625,0.0625,0.0625,0.0625,0.0625,S-DIAB__L4_K4_blackage,E2.4,L4_K4_blackage,0.008577564316067427,4
ALG2(beta=0.3),26,0.12688182302116727,0.11724939744022829,0.20330820441361222,0.0950123827929915,0.08680756022835118,0.10987570817170501,3.2989273985503487,5.286013314753918,8.257381253476586,4717.858333333334,181.45608974358976,26.0,0.04319068806318948,0.1360192475775038,0.06955128205128205,0.0685897435897436,0.06474358974358975,0.06025641025641026,0.0673076923076923,0.07435897435897436,0.058333333333333334,0.06506410256410257,0.058653846153846154,0.06410256410256411,0.06506410256410257,0.056410256410256404,0.05897435897435898,0.056089743589743585,0.057692307692307696,0.05480769230769231,S-DIAB__L4_K4_blackage,E2.4,L4_K4_blackage,0.008577564316067427,4
ALG2(beta=0.3),43,0.09213189508934619,0.08076893745705067,0.1455541440076864,0.0692574190303458,0.06355174627486278,0.07903116882926463,3.961671488841886,6.258828192330515,12.284050645636754,7778.066666666667,180.88527131782945,43.0,0.04035069852023584,0.10246043919655738,0.06918604651162791,0.07344961240310077,0.057364341085271324,0.06124031007751938,0.06065891472868217,0.07926356589147286,0.05600775193798449,0.05775193798449613,0.05755813953488372,0.06705426356589148,0.06996124031007751,0.05717054263565892,0.05484496124031008,0.05949612403100775,0.06375968992248061,0.055232558139534885,S-DIAB__L4_K4_blackage,E2.4,L4_K4_blackage,0.008577564316067427,4
ALG2(beta=0.3),70,0.06948088278653544,0.06644396718994763,0.12070256191877882,0.05153867843278186,0.043605177884239975,0.05983244445279368,4.863661795057481,8.449179334314517,16.00781349227696,12697.041666666666,181.3863095238095,70.0,0.039279472761862944,0.08120072654485846,0.06892857142857144,0.06976190476190476,0.054285714285714284,0.06226190476190476,0.05547619047619048,0.08619047619047619,0.05154761904761905,0.060000000000000005,0.05654761904761905,0.06845238095238096,0.07666666666666666,0.05869047619047619,0.05035714285714286,0.05952380952380953,0.06642857142857143,0.054880952380952384,S-DIAB__L4_K4_blackage,E2.4,L4_K4_blackage,0.008577564316067427,4
ALG2(beta=0.3),113,0.05314506320015992,0.051067287612547925,0.08532356322870395,0.03976057624998116,0.04012642328894487,0.04622564781621786,6.005392141618071,9.641562644843548,16.288675729753997,20481.458333333332,181.2518436578171,113.0,0.0368982698902289,0.0639764377139375,0.06991150442477877,0.06983775811209439,0.05132743362831858,0.06519174041297934,0.05553097345132744,0.08200589970501476,0.05088495575221239,0.06460176991150442,0.05700589970501475,0.06563421828908556,0.07920353982300884,0.059660766961651915,0.04918879056047198,0.05825958702064896,0.06386430678466076,0.05789085545722714,S-DIAB__L4_K4_blackage,E2.4,L4_K4_blackage,0.008577564316067427,4
ALG2(beta=0.3),183,0.03875172109453316,0.03722143371293378,0.06452819160982158,0.02900876616048264,0.027718773003273647,0.03392739208200603,7.09156496029957,11.808659064597348,19.691962419971166,33146.75,181.12978142076503,183.0,0.03584852655712947,0.05333726430719507,0.07003642987249545,0.07067395264116576,0.04954462659380692,0.06411657559198543,0.052231329690346086,0.09216757741347906,0.047449908925318765,0.06493624772313297,0.05505464480874316,0.06830601092896176,0.08260473588342442,0.05792349726775956,0.048633879781420766,0.05983606557377049,0.0604280510018215,0.05605646630236794,S-DIAB__L4_K4_blackage,E2.4,L4_K4_blackage,0.008577564316067427,4
ALG2(beta=0.3),298,0.027362876932422744,0.025746906102673515,0.044327733668085206,0.02069901096103318,0.019693466268619585,0.023679972783816377,8.154137325861978,13.209664633089393,21.719158512548137,54014.566666666666,181.2569351230425,298.0,0.03071762108994819,0.04004395842729021,0.06823266219239373,0.0714765100671141,0.04823825503355705,0.06826062639821029,0.04972035794183445,0.10422259507829977,0.04614093959731544,0.06487695749440715,0.05081096196868009,0.0689317673378076,0.08246644295302014,0.05248881431767338,0.0482102908277405,0.06691834451901565,0.05601230425055928,0.05299217002237136,S-DIAB__L4_K4_blackage,E2.4,L4_K4_blackage,0.008577564316067427,4
ALG2(beta=0.3),483,0.019858572667073023,0.01767911355231374,0.034562380598811275,0.014921713100027201,0.01275910682271137,0.017230839103484292,9.591690598196271,16.693629829225845,21.927026764348117,87433.375,181.02148033126295,483.0,0.02504933267181215,0.03140726958033394,0.06853002070393376,0.07303312629399586,0.043133195307108345,0.0662008281573499,0.046773636991028295,0.11701173222912353,0.04704968944099379,0.0664423740510697,0.04918909592822636,0.06709799861973775,0.077864044168392,0.04974120082815735,0.04796411318150449,0.07548309178743962,0.051449275362318844,0.053036576949620426,S-DIAB__L4_K4_blackage,E2.4,L4_K4_blackage,0.008577564316067427,4
ALG2(beta=0.3),785,0.013666994315818718,0.012899736151020904,0.025047232213623295,0.010393348456905933,0.009113515335616423,0.011751258832399549,10.728590537917693,19.662077287694284,28.292962117001284,142677.85833333334,181.75523354564757,785.0,0.021199789315101487,0.02477186769729974,0.06445859872611465,0.07132696390658175,0.04256900212314225,0.06475583864118896,0.044968152866242034,0.13358811040339702,0.05063694267515924,0.06519108280254776,0.04908704883227176,0.061146496815286625,0.07562632696390659,0.04782377919320594,0.04540339702760085,0.08236730360934183,0.0491932059447983,0.05185774946921444,S-DIAB__L4_K4_blackage,E2.4,L4_K4_blackage,0.008577564316067427,4
ALG2(beta=0.3),1274,0.009093253742934453,0.00829466150688837,0.015855779130805193,0.006997938020275836,0.006377220485108628,0.00776369140209275,11.584805268498492,20.20026261264582,30.855766861036823,232710.7,182.66145996860283,1274.0,0.01737122662423394,0.01917015481062682,0.06208791208791208,0.06656200941915227,0.04277210884353742,0.06394557823129252,0.04426347462061748,0.14577446363160648,0.05376766091051805,0.06437074829931973,0.04847592883307169,0.06045264259549974,0.07309654631083203,0.047115384615384615,0.04148351648351648,0.09410648874934589,0.04311224489795918,0.048613291470434326,S-DIAB__L4_K4_blackage,E2.4,L4_K4_blackage,0.008577564316067427,4
ALG2(beta=0.3),2069,0.0066591609705154,0.006390803125336923,0.012133541287431273,0.005289296816176155,0.005071028230908486,0.005573019881397562,13.777804047996362,25.104296923695305,37.66311044961301,378505.68333333335,182.94136458836797,2069.0,0.013065033157601635,0.013669484492459012,0.0601296922829064,0.06631625584018044,0.04274609312067021,0.060222329627839535,0.043479136458836797,0.1543015949734171,0.05358869018849686,0.0629329788947962,0.047623650716932496,0.05929192846785887,0.07334461092315128,0.04532785564685033,0.04036974383760271,0.10396729498952795,0.04133236668277751,0.045025777348155306,S-DIAB__L4_K4_blackage,E2.4,L4_K4_blackage,0.008577564316067427,4
ALG2(beta=0.3),3360,0.00535231026175149,0.004461931761597681,0.010316729725506619,0.004271060190566184,0.003686387038883988,0.00448927254994201,17.98376247948501,34.664211877702236,54.85231656881256,616636.675,183.5228199404762,3360.0,0.011480938329018874,0.011773027709009636,0.05672371031746032,0.0651438492063492,0.04230902777777778,0.06109126984126984,0.04386904761904762,0.15468998015873014,0.052983630952380956,0.06477678571428572,0.04807291666666667,0.05532986111111111,0.07512400793650793,0.04598214285714286,0.03985367063492064,0.11214037698412699,0.038881448412698416,0.04302827380952381,S-DIAB__L4_K4_blackage,E2.4,L4_K4_blackage,0.008577564316067427,4
ALG2(beta=0.3),5456,0.004256667444212144,0.0035855101594961737,0.00895544659878236,0.00342055554421346,0.0027708038602589627,0.003569359899874882,23.224377575621453,48.86091664295655,75.4244163460887,1005276.8,184.2516129032258,5456.0,0.009578708784936895,0.009554301450972935,0.05369623655913978,0.06243279569892473,0.04168346774193549,0.061797409579667645,0.04608840420332356,0.1546966642228739,0.051528897849462366,0.06093444525904203,0.04807856793743891,0.05530913978494623,0.0785664100684262,0.0436858504398827,0.04044782502443793,0.12231182795698925,0.03712579423264907,0.04161626344086022,S-DIAB__L4_K4_blackage,E2.4,L4_K4_blackage,0.008577564316067427,4
ALG2(beta=0.3),8859,0.003442553451285713,0.0027005745517974275,0.0069211795622456645,0.002784413138361669,0.002126339377761992,0.0028638787075127405,30.497581024940132,61.314729741934336,125.5170212068868,1637061.775,184.79080878202956,8859.0,0.007706176696094088,0.007301825383770368,0.05106483049253113,0.060818564924558824,0.04201188998005795,0.06257007939195544,0.04641137073409339,0.14960492154870753,0.04855137901192761,0.05784042593219701,0.047701960341648794,0.05419817887647214,0.08159781013658426,0.045240245324905,0.040985626669676783,0.13614403431538546,0.036421529894269486,0.038837152425029164,S-DIAB__L4_K4_blackage,E2.4,L4_K4_blackage,0.008577564316067427,4
ALG2(beta=0.3),14384,0.0032174952913479214,0.0029901002727150644,0.006186979744906744,0.0026076443888560226,0.0024105550990081584,0.0026611895860425973,46.280452270748505,88.99351665073861,142.8801250505451,2668254.1666666665,185.50154106414533,14384.0,0.006456971848233115,0.005999844139379393,0.04834364571746385,0.057943432517612165,0.040342857804968484,0.06510300797182055,0.04351826103077494,0.14101026603633668,0.04758585928809789,0.0567945865776789,0.051269350203930295,0.052986535965888024,0.08689284390063032,0.04471287541713014,0.04295165925101965,0.14891719966629588,0.03450129773822766,0.03712632091212458,S-DIAB__L4_K4_blackage,E2.4,L4_K4_blackage,0.008577564316067427,4
ALG2(beta=0.3),23357,0.0024642740178054327,0.0021503600170333812,0.0050316480120736135,0.0019902721880654083,0.0017256814663855155,0.0020184170171527777,57.5580482338815,117.52420261800339,184.99798020323922,4353241.075,186.3784336601447,23357.0,0.005141977259698044,0.0047551140292921325,0.04438319704299924,0.054999215081845555,0.039175621869246904,0.06611151546288764,0.04292753064748612,0.13063143097715174,0.04462224029912517,0.05317178290590972,0.052888498808351524,0.05060973869361077,0.09564084999500506,0.04304740905652838,0.044059596694781,0.17027800373906465,0.03322273122975268,0.034230637496253796,S-DIAB__L4_K4_blackage,E2.4,L4_K4_blackage,0.008577564316067427,4
ALG2(beta=0.3),37927,0.0017558367126303083,0.0017549390108631264,0.0034020012040300402,0.0014093319980034275,0.0014158800202233959,0.001433133635356354,66.59361899992969,129.02769966524733,198.59224872610199,7108166.241666666,187.41704436593102,37927.0,0.0038257001014172344,0.003563106846915191,0.03860530317012507,0.052599071901284045,0.0385275221697823,0.06555092678039391,0.04365183993812675,0.1207820286339547,0.04159130259006337,0.04873155447746109,0.05277792425800441,0.04750265861611341,0.10887626229335302,0.04098860969757692,0.04381597103207038,0.19492204322338527,0.030077737056274777,0.030999244162030565,S-DIAB__L4_K4_blackage,E2.4,L4_K4_blackage,0.008577564316067427,4
ALG2(beta=0.3),61585,0.0010014081015578813,0.000753559909311827,0.0023139736323688053,0.0008018056985990718,0.0006103954220699108,0.0008166512656552314,61.671717934442114,142.50606614943285,198.5496767405116,11628650.95,188.82278070958836,61585.0,0.0028693548255857,0.0028639000042646736,0.03355890233011285,0.04657668263375822,0.03877391680874672,0.0643749830857081,0.04624407999783497,0.11610660063327109,0.03942098995967633,0.04371275472923602,0.0507045817433899,0.0433470000811886,0.12446862060566696,0.03796000108251468,0.041169927742145,0.21891220805932182,0.027271251116343265,0.027397499391085493,S-DIAB__L4_K4_blackage,E2.4,L4_K4_blackage,0.008577564316067427,4
ALG2(beta=0.3),100000,0.0004140968993679784,0.00026300808549744936,0.0009518097238487079,0.00032978549900391574,0.0002116396373837911,0.00033732916839619606,41.40968993679783,95.1809723848708,227.44453651533922,19023184.591666665,190.23184591666666,100000.0,0.002344707327357329,0.0023868181766441175,0.02915375,0.03988683333333334,0.0409815,0.05760116666666667,0.053338,0.12596858333333333,0.0366895,0.0379,0.0460875,0.03616075,0.14257450000000002,0.032683416666666666,0.03700725,0.23677299999999998,0.024138083333333334,0.02305616666666667,S-DIAB__L4_K4_blackage,E2.4,L4_K4_blackage,0.008577564316067427,4
ORACLE-CL,10,0.1502402206369955,0.1409700941307441,0.23580503867658234,0.11326187303533804,0.0976485471827502,0.12973916606306496,1.5024022063699547,2.3580503867658233,3.4799451677175997,1863.0,186.3,0.0,0.1296706924468678,0.22367374702797288,0.1,0.0,0.0,0.0,0.2875,0.25166666666666665,0.0,0.0,0.0,0.0,0.23583333333333334,0.0,0.0,0.12333333333333334,0.0016666666666666666,0.0,S-DIAB__L4_K4_blackage,E2.4,L4_K4_blackage,0.008577564316067427,4
ORACLE-CL,16,0.10893900488721969,0.10954720905044439,0.16692652149711554,0.08323680701363032,0.0868075602283512,0.09412392394009947,1.743024078195515,2.6708243439538486,4.872688195740152,3057.0,191.0625,0.0,0.10849421638197346,0.16957199241455048,0.0625,0.0,0.0,0.0,0.28072916666666664,0.2833333333333333,0.010416666666666666,0.0,0.0,0.0,0.2520833333333333,0.0,0.0,0.1046875,0.00625,0.0,S-DIAB__L4_K4_blackage,E2.4,L4_K4_blackage,0.008577564316067427,4
ORACLE-CL,26,0.07939959052315997,0.07863738626351731,0.13267898176004278,0.059258334716200116,0.05851298571142062,0.0697162389470012,2.06438935360216,3.4496535257611125,5.486152421855466,5047.0,194.1153846153846,0.0,0.09043825906967541,0.1331067996147867,0.038461538461538464,0.0,0.0,0.0,0.2618589743589744,0.34294871794871795,0.007692307692307693,0.0,0.0,0.0,0.24967948717948715,0.0,0.0,0.09326923076923076,0.00608974358974359,0.0,S-DIAB__L4_K4_blackage,E2.4,L4_K4_blackage,0.008577564316067427,4
ORACLE-CL,43,0.05415517500131738,0.05070032793180419,0.09294279437560277,0.040519929192704855,0.040295932321374434,0.04575835141358146,2.328672525056647,3.996540158150919,6.4410155881526805,8426.825,195.97267441860467,0.0,0.0785230812916917,0.10363299487327897,0.02383720930232558,0.0,0.0,0.0,0.24767441860465117,0.3732558139534884,0.009689922480620155,0.0,0.0,0.0,0.236046511627907,0.0,0.0,0.10155038759689922,0.007945736434108527,0.0,S-DIAB__L4_K4_blackage,E2.4,L4_K4_blackage,0.008577564316067427,4
ORACLE-CL,70,0.03928178658322038,0.03772689384951129,0.06693726915568762,0.029685954319526232,0.02816863303129985,0.03302366936012475,2.7497250608254262,4.685608840898133,10.111925016133272,13783.95,196.91357142857143,0.0,0.0627597401560837,0.08044007826808118,0.016428571428571428,0.0,0.0,0.0,0.23428571428571426,0.3811904761904762,0.010595238095238095,0.0,0.0,0.0,0.2330952380952381,0.0,0.0,0.11464285714285714,0.009047619047619047,0.0007142857142857143,S-DIAB__L4_K4_blackage,E2.4,L4_K4_blackage,0.008577564316067427,4
ORACLE-CL,113,0.025952953172588167,0.023547960786422448,0.04579950707418819,0.019769916997289805,0.016011100051360062,0.022062846202552402,2.9326837085024624,5.175344299383265,8.0809713662983,22330.366666666665,197.61386430678465,0.0,0.05279394679923106,0.06201564443648883,0.010914454277286136,0.0,0.0,0.0,0.22640117994100295,0.3782448377581121,0.012610619469026548,0.0,0.0,0.0,0.23008849557522124,0.0,0.0,0.12920353982300883,0.011651917404129793,0.0008849557522123895,S-DIAB__L4_K4_blackage,E2.4,L4_K4_blackage,0.008577564316067427,4
ORACLE-CL,183,0.020077309902766467,0.018299811851979625,0.035257613870876926,0.015388560802625934,0.013741830894215431,0.017052970005336825,3.674147712206264,6.452143338370478,9.206195952089331,36226.5,197.95901639344262,0.0,0.04300079254907715,0.050919566772214146,0.00819672131147541,0.0,0.0,0.0,0.22176684881602915,0.3802823315118397,0.015892531876138434,0.0,0.0,0.0,0.2179417122040073,0.0,0.0,0.14121129326047357,0.013843351548269581,0.0008652094717668488,S-DIAB__L4_K4_blackage,E2.4,L4_K4_blackage,0.008577564316067427,4
ORACLE-CL,298,0.014840023126101417,0.013913930920377666,0.024111577269279993,0.01131847306229474,0.010483005973136485,0.012743409326438297,4.422326891578223,7.185250026245438,15.368472014216218,59003.55,197.99848993288592,0.0,0.033028010651042404,0.0381884800260567,0.007885906040268457,0.0,0.0,0.0,0.2194910514541387,0.37527964205816555,0.018903803131991054,0.0,0.0,0.0,0.21017897091722595,0.0,0.0,0.1496364653243848,0.01778523489932886,0.0008389261744966443,S-DIAB__L4_K4_blackage,E2.4,L4_K4_blackage,0.008577564316067427,4
ORACLE-CL,483,0.01006620199172648,0.008577781753035951,0.020172448554043248,0.007655278202200026,0.0062748383951488,0.008611308798952055,4.861975562003892,9.743292651602887,16.838969168542196,95639.69166666667,198.0117839889579,0.0,0.02555623237499538,0.029227347948871937,0.007781228433402346,0.0,0.0,0.0,0.20760869565217394,0.3729641131815045,0.019582470669427192,0.0,0.0,0.0,0.20748792270531402,0.0,0.0,0.16395790200138025,0.0194271911663216,0.0011904761904761904,S-DIAB__L4_K4_blackage,E2.4,L4_K4_blackage,0.008577564316067427,4
ORACLE-CL,785,0.0072854709206661115,0.006633643450728592,0.013983603490264491,0.00558957895738177,0.004802278558020052,0.006178204520483936,5.719094672722897,10.977128739857626,21.41352276024278,155403.25833333333,197.96593418259022,0.0,0.020928405839472666,0.023563484557874735,0.008142250530785563,0.0,0.0,0.0,0.20511677282377921,0.3639384288747346,0.020690021231422506,0.0,0.0,0.0,0.20682590233545645,0.0,0.0,0.17099787685774945,0.02250530785562633,0.0017834394904458599,S-DIAB__L4_K4_blackage,E2.4,L4_K4_blackage,0.008577564316067427,4
ORACLE-CL,1274,0.004468657845949982,0.003914948445885897,0.007289676334299445,0.003459656102474599,0.0032375030596768547,0.003803198573366418,5.693070095740278,9.287047649897493,22.972766520228475,252057.03333333333,197.84696493982207,0.0,0.016678360546421626,0.017959721903284844,0.009079016221873364,0.0,0.0,0.0,0.20081109366823655,0.35392464678178964,0.020578231292517006,0.0,0.0,0.0,0.20910518053375193,0.0,0.0,0.18090005232862374,0.023750654107796965,0.0018511250654107798,S-DIAB__L4_K4_blackage,E2.4,L4_K4_blackage,0.008577564316067427,4
ORACLE-CL,2069,0.0031265828705327966,0.0029949081407381057,0.005814183502320391,0.0024366124986581177,0.0021788509377721173,0.0026507564658150196,6.468899959132356,12.029545666300889,20.063719480218822,409272.49166666664,197.8117407765426,0.0,0.013199949519158712,0.014268863578437176,0.00935637183824714,0.0,0.0,0.0,0.19502980505880457,0.34310858707910424,0.02112131464475592,0.0,0.0,0.0,0.21025455131303367,0.0,0.0,0.19523924601256645,0.023868213307555983,0.0020219107459320124,S-DIAB__L4_K4_blackage,E2.4,L4_K4_blackage,0.008577564316067427,4
ORACLE-CL,3360,0.001964259054018656,0.0018432175642934144,0.003902354390676171,0.0015299840681486697,0.0014223539230991825,0.0016668997301194936,6.599910421502685,13.111910752671934,23.167523267660627,664264.85,197.6978720238095,0.0,0.01125676196388094,0.0117070212938166,0.01025297619047619,0.0,0.0,0.0,0.19283482142857142,0.33245783730158734,0.019838789682539684,0.0,0.0,0.0,0.21214533730158727,0.0,0.0,0.20688988095238095,0.023179563492063494,0.0024007936507936508,S-DIAB__L4_K4_blackage,E2.4,L4_K4_blackage,0.008577564316067427,4
ORACLE-CL,5456,0.0013979210025297274,0.0011004009911143005,0.0027618574417810197,0.0010855158799388588,0.0008846194618321824,0.0011650268383337878,7.6270569898021945,15.068694202357243,27.293128541318527,1077530.275,197.49455186950144,0.0,0.00855468307522583,0.00896631775918357,0.01185392228739003,0.0,0.0,0.0,0.1915154569892473,0.32640976295210167,0.02066379521016618,0.0,0.0,0.0,0.21195625610948193,0.0,0.0,0.21129184995112416,0.023562744379276638,0.002746212121212121,S-DIAB__L4_K4_blackage,E2.4,L4_K4_blackage,0.008577564316067427,4
ORACLE-CL,8859,0.0009074723728455023,0.0007698594646494022,0.0017475449525800814,0.0007124836997517054,0.0005751741458047973,0.0007598855259977932,8.039297751038303,15.481500734906941,34.98316550818223,1747288.25,197.23312450615194,0.0,0.0074658555944999705,0.007723504067760273,0.013912405463370584,0.0,0.0,0.0,0.18896884524212665,0.3188452421266509,0.0223426270835685,0.0,0.0,0.0,0.20946871354930957,0.0,0.0,0.2171830906422847,0.02602908529931896,0.0032499905933702075,S-DIAB__L4_K4_blackage,E2.4,L4_K4_blackage,0.008577564316067427,4
ORACLE-CL,14384,0.0006318988583357252,0.0004700801114615606,0.0013139826749964543,0.0004983383078081667,0.00037031253169173917,0.000521336397226566,9.08923317830107,18.900326797149,38.07571457090436,2838797.175,197.35797935205784,0.0,0.005898602537123063,0.006031648645529267,0.012929296440489433,0.0,0.0,0.0,0.1858552326659251,0.30709179180571,0.020919076751946607,0.0,0.0,0.0,0.21493383852428624,0.0,0.0,0.23077030033370413,0.02443571560993697,0.0030647478680014832,S-DIAB__L4_K4_blackage,E2.4,L4_K4_blackage,0.008577564316067427,4
ORACLE-CL,23357,0.00032427535865762276,0.0002762462814064307,0.0006091244997813842,0.00025217474399830294,0.0002140685875754676,0.00027081785770857926,7.574099552166095,14.22732094139379,24.95040333510672,4608293.058333334,197.29815722624195,0.0,0.004481293089310195,0.004546870628003006,0.013400336801244452,0.0,0.0,0.0,0.18427951649041685,0.3005076993335331,0.020487790954888615,0.0,0.0,0.0,0.21663455637853035,0.0,0.0,0.23657647243510152,0.02491223187909406,0.0032013957271909924,S-DIAB__L4_K4_blackage,E2.4,L4_K4_blackage,0.008577564316067427,4
ORACLE-CL,37927,0.00021494689976255213,0.00016618720235768452,0.0004547109342690707,0.00016785651672084417,0.00012392442131198804,0.00017922725090616174,8.152291067294316,17.245821604023043,29.80162512672678,7480693.225,197.23925501621534,0.0,0.003407814628095056,0.00344576420846755,0.013864133730587709,0.0,0.0,0.0,0.18385077473391867,0.2999354022200543,0.020853657464778828,0.0,0.0,0.0,0.2161033037150315,0.0,0.0,0.23668494739895063,0.025405603747550118,0.003302176989128237,S-DIAB__L4_K4_blackage,E2.4,L4_K4_blackage,0.008577564316067427,4
ORACLE-CL,61585,0.00012170077017214985,9.997969015782421e-05,0.00025666320506961094,9.46273511696861e-05,7.45506546781192e-05,0.00010167996736782445,7.494941931051849,15.806603484211989,30.290999765846117,12148985.825,197.27183283267027,0.0,0.0027523157207257087,0.002761431418588323,0.013607615490785093,0.0,0.0,0.0,0.18352710346134068,0.2980125030445725,0.020558983518713974,0.0,0.0,0.0,0.21768531298205732,0.0,0.0,0.23807393575275365,0.025273064328434954,0.0032614814213417767,S-DIAB__L4_K4_blackage,E2.4,L4_K4_blackage,0.008577564316067427,4
ORACLE-CL,100000,8.350340821414065e-05,6.661128307311714e-05,0.00017969405275502522,6.555805736041378e-05,5.3360362615051597e-05,6.975383757811972e-05,8.350340821414065,17.96940527550252,31.10548901061059,19724600.3,197.246003,0.0,0.0022458636428681917,0.0022531827033452903,0.013810999999999999,0.0,0.0,0.0,0.18302891666666665,0.297268,0.0205765,0.0,0.0,0.0,0.21778833333333333,0.0,0.0,0.23893650000000002,0.02527225,0.0033185000000000003,S-DIAB__L4_K4_blackage,E2.4,L4_K4_blackage,0.008577564316067427,4
N2-UNIFORM,10,0.22481390256440612,0.20935952244721306,0.3410783652492526,0.17374279565294698,0.15,0.19133589610463098,2.248139025644062,3.4107836524925257,6.141183448677595,1736.0,173.6,0.0,0.0730454311308392,0.21610355118378374,0.1,0.1,0.1,0.1,0.1,0.1,0.1,0.1,0.1,0.1,0.0,0.0,0.0,0.0,0.0,0.0,S-DIAB__L4_K4_blackage,E2.4,L4_K4_blackage,0.008577564316067427,4
N2-UNIFORM,16,0.17865446750146735,0.16690914921248162,0.2788955869513288,0.13808529778804496,0.12004565268298588,0.1519553621022431,2.8584714800234776,4.462329391221261,6.599112146888846,2930.0,183.125,0.0,0.039741909206035604,0.17467044350549255,0.0625,0.0625,0.0625,0.0625,0.0625,0.0625,0.0625,0.0625,0.0625,0.0625,0.0625,0.0625,0.0625,0.0625,0.0625,0.0625,S-DIAB__L4_K4_blackage,E2.4,L4_K4_blackage,0.008577564316067427,4
N2-UNIFORM,26,0.1468822704750712,0.13048660237432036,0.24862011245024726,0.11268505360625462,0.09764854718275018,0.12543610661327634,3.818939032351851,6.464122923706429,9.387731296389866,4666.0,179.46153846153845,0.0,0.05100791293049666,0.13561627159676395,0.07692307692307693,0.07692307692307693,0.07692307692307693,0.07692307692307693,0.07692307692307693,0.07692307692307693,0.07692307692307693,0.07692307692307693,0.07692307692307693,0.07692307692307693,0.038461538461538464,0.038461538461538464,0.038461538461538464,0.038461538461538464,0.038461538461538464,0.038461538461538464,S-DIAB__L4_K4_blackage,E2.4,L4_K4_blackage,0.008577564316067427,4
N2-UNIFORM,43,0.1149980603622569,0.11039247872987783,0.18379393996698792,0.0879805170103404,0.08602064020600599,0.09756477859455463,4.944916595577046,7.903139418580481,11.930745876478525,7795.0,181.27906976744185,0.0,0.04228593343751829,0.10373865250045557,0.06976744186046512,0.06976744186046512,0.06976744186046512,0.06976744186046512,0.06976744186046512,0.06976744186046512,0.06976744186046512,0.06976744186046512,0.06976744186046512,0.06976744186046512,0.06976744186046512,0.046511627906976744,0.046511627906976744,0.046511627906976744,0.046511627906976744,0.046511627906976744,S-DIAB__L4_K4_blackage,E2.4,L4_K4_blackage,0.008577564316067427,4
N2-UNIFORM,70,0.08744087304695869,0.08010793073731812,0.13863428657260402,0.06747919118415638,0.056740061602728334,0.07445276284282944,6.1208611132871065,9.704400060082282,18.311714119543733,12660.0,180.85714285714286,0.0,0.04233162419060544,0.07371070836266097,0.07142857142857142,0.07142857142857142,0.07142857142857142,0.07142857142857142,0.07142857142857142,0.07142857142857142,0.05714285714285714,0.05714285714285714,0.05714285714285714,0.05714285714285714,0.05714285714285714,0.05714285714285714,0.05714285714285714,0.05714285714285714,0.05714285714285714,0.05714285714285714,S-DIAB__L4_K4_blackage,E2.4,L4_K4_blackage,0.008577564316067427,4
N2-UNIFORM,113,0.07401745788140027,0.06891495328307912,0.12672747321616487,0.05733957050126886,0.050687524593137114,0.06280026341912312,8.36397274059823,14.320204473426628,19.312411713710045,20582.0,182.141592920354,0.0,0.038814380791654786,0.06188811347785538,0.07079646017699115,0.061946902654867256,0.061946902654867256,0.061946902654867256,0.061946902654867256,0.061946902654867256,0.061946902654867256,0.061946902654867256,0.061946902654867256,0.061946902654867256,0.061946902654867256,0.061946902654867256,0.061946902654867256,0.061946902654867256,0.061946902654867256,0.061946902654867256,S-DIAB__L4_K4_blackage,E2.4,L4_K4_blackage,0.008577564316067427,4
N2-UNIFORM,183,0.06593141071658146,0.05990917794070808,0.10612667542429356,0.05128467899908302,0.04737385162146683,0.055230456601253336,12.065448161134407,19.42118160264572,28.590267305707002,33369.0,182.34426229508196,0.0,0.041561010344461594,0.05049006474068798,0.06557377049180328,0.06557377049180328,0.06557377049180328,0.06557377049180328,0.06557377049180328,0.06557377049180328,0.06557377049180328,0.060109289617486336,0.060109289617486336,0.060109289617486336,0.060109289617486336,0.060109289617486336,0.060109289617486336,0.060109289617486336,0.060109289617486336,0.060109289617486336,S-DIAB__L4_K4_blackage,E2.4,L4_K4_blackage,0.008577564316067427,4
N2-UNIFORM,298,0.05734092038622194,0.05264121341671764,0.09525805248353043,0.04403815159908448,0.040601567316978365,0.04803732264162887,17.087594275094137,28.386899640092068,37.59755187247402,54476.0,182.80536912751677,0.0,0.04059065788323919,0.04107931236101292,0.06375838926174497,0.06375838926174497,0.06375838926174497,0.06375838926174497,0.06375838926174497,0.06375838926174497,0.06375838926174497,0.06375838926174497,0.06375838926174497,0.06375838926174497,0.06040268456375839,0.06040268456375839,0.06040268456375839,0.06040268456375839,0.06040268456375839,0.06040268456375839,S-DIAB__L4_K4_blackage,E2.4,L4_K4_blackage,0.008577564316067427,4
N2-UNIFORM,483,0.049730969939216996,0.04539798003124233,0.08285304764463314,0.038964431710086775,0.036571942627884754,0.041491749236646204,24.02005848064181,40.01802201235781,58.58999851626534,88243.0,182.6977225672878,0.0,0.03992456288334974,0.030624072865467263,0.06418219461697723,0.06418219461697723,0.06418219461697723,0.062111801242236024,0.062111801242236024,0.062111801242236024,0.062111801242236024,0.062111801242236024,0.062111801242236024,0.062111801242236024,0.062111801242236024,0.062111801242236024,0.062111801242236024,0.062111801242236024,0.062111801242236024,0.062111801242236024,S-DIAB__L4_K4_blackage,E2.4,L4_K4_blackage,0.008577564316067427,4
N2-UNIFORM,785,0.04543887722117305,0.04388376428644278,0.07476395066324178,0.03592694014924172,0.03522168427879906,0.03782318466632535,35.66951861862084,58.6897012706448,77.12933369218906,143642.0,182.98343949044585,0.0,0.039608114866798064,0.024048822033091936,0.06369426751592357,0.062420382165605096,0.062420382165605096,0.062420382165605096,0.062420382165605096,0.062420382165605096,0.062420382165605096,0.062420382165605096,0.062420382165605096,0.062420382165605096,0.062420382165605096,0.062420382165605096,0.062420382165605096,0.062420382165605096,0.062420382165605096,0.062420382165605096,S-DIAB__L4_K4_blackage,E2.4,L4_K4_blackage,0.008577564316067427,4
N2-UNIFORM,1274,0.04332207624352112,0.043234068600051245,0.06169604671525574,0.03445652486504292,0.034461733995936994,0.03598189606335371,55.192325134245905,78.60076351523581,111.41505383863985,233206.0,183.0502354788069,0.0,0.039937547778792,0.018976087258249633,0.06279434850863422,0.06279434850863422,0.06279434850863422,0.06279434850863422,0.06279434850863422,0.06279434850863422,0.06279434850863422,0.06279434850863422,0.06279434850863422,0.06279434850863422,0.06200941915227629,0.06200941915227629,0.06200941915227629,0.06200941915227629,0.06200941915227629,0.06200941915227629,S-DIAB__L4_K4_blackage,E2.4,L4_K4_blackage,0.008577564316067427,4
N2-UNIFORM,2069,0.04276570154004499,0.041962540106672955,0.06094069712503621,0.03477106852730063,0.034574598415230424,0.03552217103447681,88.48223648635309,126.08630235169993,156.70230448587418,378711.0,183.04059932334462,0.0,0.03993394152108497,0.015343424829485107,0.06283228612856452,0.06283228612856452,0.06283228612856452,0.06283228612856452,0.06283228612856452,0.06234896085065249,0.06234896085065249,0.06234896085065249,0.06234896085065249,0.06234896085065249,0.06234896085065249,0.06234896085065249,0.06234896085065249,0.06234896085065249,0.06234896085065249,0.06234896085065249,S-DIAB__L4_K4_blackage,E2.4,L4_K4_blackage,0.008577564316067427,4
N2-UNIFORM,3360,0.04189304566876899,0.04116952311607168,0.054324417927487746,0.034356320704164764,0.03366045194465836,0.03475477004110827,140.7606334470638,182.5300442363588,250.11489556667226,615300.0,183.125,0.0,0.03974190920603578,0.012527739067648267,0.0625,0.0625,0.0625,0.0625,0.0625,0.0625,0.0625,0.0625,0.0625,0.0625,0.0625,0.0625,0.0625,0.0625,0.0625,0.0625,S-DIAB__L4_K4_blackage,E2.4,L4_K4_blackage,0.008577564316067427,4
N2-UNIFORM,5456,0.04113220081386694,0.041132392384297396,0.05266296131806116,0.034035094103575726,0.03414048266662552,0.0342040058974104,224.41728764045803,287.3291169513417,337.5242303831239,999130.0,183.125,0.0,0.03974190920603578,0.009991076980260145,0.0625,0.0625,0.0625,0.0625,0.0625,0.0625,0.0625,0.0625,0.0625,0.0625,0.0625,0.0625,0.0625,0.0625,0.0625,0.0625,S-DIAB__L4_K4_blackage,E2.4,L4_K4_blackage,0.008577564316067427,4
N2-UNIFORM,8859,0.040112773923768746,0.04010582663844092,0.048303667789570376,0.03343512956601936,0.033532958515863076,0.03347931867381025,355.35906419066737,427.922192947804,516.5990120260261,1622225.0,183.11604018512247,0.0,0.03975371053263562,0.007539215837805094,0.06253527486172254,0.06253527486172254,0.06253527486172254,0.06253527486172254,0.06253527486172254,0.06253527486172254,0.06253527486172254,0.06253527486172254,0.06253527486172254,0.06253527486172254,0.06253527486172254,0.062422395304210405,0.062422395304210405,0.062422395304210405,0.062422395304210405,0.062422395304210405,S-DIAB__L4_K4_blackage,E2.4,L4_K4_blackage,0.008577564316067427,4
N2-UNIFORM,14384,0.040155617603452855,0.03990122618178446,0.0470213037715019,0.03361095912194796,0.033584309140487024,0.03361462440713135,577.5984036080658,676.3544334492833,765.2476628087574,2634070.0,183.125,0.0,0.039741909206036076,0.0061310316977455405,0.0625,0.0625,0.0625,0.0625,0.0625,0.0625,0.0625,0.0625,0.0625,0.0625,0.0625,0.0625,0.0625,0.0625,0.0625,0.0625,S-DIAB__L4_K4_blackage,E2.4,L4_K4_blackage,0.008577564316067427,4
N2-UNIFORM,23357,0.03972998698787955,0.03975298713666308,0.045294940974451865,0.03330987640597311,0.033192495463786005,0.033309876405973014,927.9733060759027,1057.9539363402723,1159.5254031662564,4277203.0,183.12296099670334,0.0,0.0397471043430088,0.004716923537984754,0.06250802757203408,0.06250802757203408,0.06250802757203408,0.06250802757203408,0.06250802757203408,0.06250802757203408,0.06250802757203408,0.06250802757203408,0.06250802757203408,0.06250802757203408,0.06250802757203408,0.06250802757203408,0.06250802757203408,0.06246521385451899,0.06246521385451899,0.06246521385451899,S-DIAB__L4_K4_blackage,E2.4,L4_K4_blackage,0.008577564316067427,4
N2-UNIFORM,37927,0.03985336293612247,0.03999821507237898,0.043751470848581935,0.03340759306913101,0.03327488198380275,0.033407593069146015,1511.5184960783167,1659.3620348741672,1783.6737785755981,6945239.0,183.12123289477154,0.0,0.0397505466530899,0.0035977057407775683,0.06251483112294672,0.06251483112294672,0.06251483112294672,0.06251483112294672,0.06251483112294672,0.06251483112294672,0.06251483112294672,0.06248846468215256,0.06248846468215256,0.06248846468215256,0.06248846468215256,0.06248846468215256,0.06248846468215256,0.06248846468215256,0.06248846468215256,0.06248846468215256,S-DIAB__L4_K4_blackage,E2.4,L4_K4_blackage,0.008577564316067427,4
N2-UNIFORM,61585,0.03952590302910384,0.03969752075125988,0.04218758770002589,0.03316395948548436,0.03329846193466425,0.033163959485518174,2434.2027380473596,2598.1225885060944,2803.028497593358,11277642.0,183.1231955833401,0.0,0.03974020320817184,0.0028284847669475216,0.06251522286271008,0.062498985142485995,0.062498985142485995,0.062498985142485995,0.062498985142485995,0.062498985142485995,0.062498985142485995,0.062498985142485995,0.062498985142485995,0.062498985142485995,0.062498985142485995,0.062498985142485995,0.062498985142485995,0.062498985142485995,0.062498985142485995,0.062498985142485995,S-DIAB__L4_K4_blackage,E2.4,L4_K4_blackage,0.008577564316067427,4
N2-UNIFORM,100000,0.039761813707519016,0.03993989169133527,0.042356866798951745,0.03334879718276514,0.0334935471827716,0.03334879718275661,3976.1813707519023,4235.686679895174,4447.232485403132,18312500.0,183.125,0.0,0.039741909206041606,0.0021675352221079266,0.0625,0.0625,0.0625,0.0625,0.0625,0.0625,0.0625,0.0625,0.0625,0.0625,0.0625,0.0625,0.0625,0.0625,0.0625,0.0625,S-DIAB__L4_K4_blackage,E2.4,L4_K4_blackage,0.008577564316067427,4
ALG2(beta=0.3),10,0.2582672906875476,0.24921102515815102,0.3751452884240763,0.18754492164391917,0.16718140173275112,0.26367863160664673,2.5826729068754757,3.751452884240763,5.278346401548538,1736.0,173.6,10.0,0.07200236660525287,0.2518672860212488,0.1,0.1,0.1,0.1,0.1,0.1,0.1,0.1,0.1,0.1,0.0,0.0,0.0,0.0,0.0,0.0,S-DIAB__L6_K6_ethage,E2.4,L6_K6_ethage,0.0013825801881633291,6
ALG2(beta=0.3),16,0.20288125127743423,0.19610469722869134,0.2847849305424616,0.14878759818737128,0.1340227985593561,0.20046546862354256,3.2461000204389476,4.556558888679386,7.527372993268102,2930.0,183.125,16.0,0.05050528694471515,0.196963003957953,0.0625,0.0625,0.0625,0.0625,0.0625,0.0625,0.0625,0.0625,0.0625,0.0625,0.0625,0.0625,0.0625,0.0625,0.0625,0.0625,S-DIAB__L6_K6_ethage,E2.4,L6_K6_ethage,0.0013825801881633291,6
ALG2(beta=0.3),26,0.15099397460286446,0.14040626685557545,0.2207040193724653,0.10744426084535309,0.09075356779012536,0.15378008264310064,3.9258433396744765,5.738304503684098,8.073554769276281,4721.033333333334,181.57820512820516,26.0,0.054871777984135645,0.15436582885919686,0.06987179487179487,0.0673076923076923,0.0625,0.05961538461538462,0.05993589743589744,0.0685897435897436,0.061217948717948716,0.06282051282051282,0.06506410256410257,0.06217948717948718,0.06634615384615385,0.05673076923076924,0.06602564102564103,0.058653846153846154,0.051923076923076926,0.061217948717948716,S-DIAB__L6_K6_ethage,E2.4,L6_K6_ethage,0.0013825801881633291,6
ALG2(beta=0.3),43,0.11253812810381181,0.10801596621948803,0.16987735149833333,0.07877444139954655,0.06976744186046507,0.11449793655987514,4.839139508463908,7.304726114428332,10.43136417811003,7783.358333333334,181.00833333333333,43.0,0.05458906405452211,0.11968568773108222,0.07170542635658915,0.06996124031007751,0.06356589147286822,0.06317829457364342,0.05872093023255814,0.07054263565891472,0.060852713178294576,0.05910852713178294,0.061434108527131784,0.06453488372093023,0.06395348837209303,0.05600775193798449,0.06550387596899225,0.05813953488372093,0.049999999999999996,0.06279069767441861,S-DIAB__L6_K6_ethage,E2.4,L6_K6_ethage,0.0013825801881633291,6
ALG2(beta=0.3),70,0.0831343626826705,0.07631242853382067,0.13437486412339456,0.05812547185329511,0.051696355058975144,0.08465960093094459,5.819405387786934,9.40624048863762,13.163103759437421,12704.45,181.49214285714288,70.0,0.04895657592493631,0.09167585764514005,0.06928571428571428,0.06857142857142857,0.05892857142857143,0.06464285714285715,0.05607142857142857,0.07059523809523809,0.05666666666666667,0.059166666666666666,0.0619047619047619,0.06226190476190476,0.05845238095238096,0.05666666666666667,0.0694047619047619,0.06142857142857142,0.054642857142857146,0.07130952380952381,S-DIAB__L6_K6_ethage,E2.4,L6_K6_ethage,0.0013825801881633291,6
ALG2(beta=0.3),113,0.06489731231205598,0.06203366082681144,0.10232049435663977,0.04449629959023667,0.04007417436024885,0.0670181131295987,7.333396291262326,11.562215862300294,23.242161221042362,20461.35,181.07389380530972,113.0,0.04551088023054823,0.07269160903792544,0.07028023598820059,0.07087020648967551,0.0553834808259587,0.06290560471976402,0.05420353982300885,0.07448377581120944,0.051769911504424775,0.06275811209439529,0.058997050147492625,0.061504424778761065,0.05700589970501475,0.05730088495575221,0.07153392330383482,0.06283185840707964,0.05353982300884955,0.07463126843657818,S-DIAB__L6_K6_ethage,E2.4,L6_K6_ethage,0.0013825801881633291,6
ALG2(beta=0.3),183,0.050639395071586026,0.049571113320983407,0.0774263830820549,0.034348466938988555,0.032162751485181766,0.052351433331999965,9.267009298100243,14.169028104016048,24.48389606657699,33085.36666666667,180.79435336976323,183.0,0.038382114089022666,0.05690618119769487,0.07472677595628416,0.0686247723132969,0.05068306010928962,0.06229508196721312,0.04877049180327869,0.08105646630236794,0.049908925318761385,0.06197632058287796,0.054599271402550095,0.06466302367941712,0.052413479052823314,0.05742258652094717,0.07427140255009107,0.0674408014571949,0.049954462659380694,0.08119307832422586,S-DIAB__L6_K6_ethage,E2.4,L6_K6_ethage,0.0013825801881633291,6
ALG2(beta=0.3),298,0.036426086002541117,0.03444843968136113,0.05597885775370315,0.024366655396467474,0.022865080438550803,0.03841819123276446,10.854973628757252,16.681699610603538,23.520655710643634,53590.175,179.83280201342282,298.0,0.031682044061061426,0.042704414033065095,0.07701342281879195,0.07390939597315435,0.044686800894854585,0.06364653243847875,0.044826621923937354,0.08892617449664429,0.04633668903803132,0.061493288590604024,0.05145413870246085,0.06468120805369126,0.047595078299776286,0.055956375838926174,0.07480425055928412,0.06965883668903802,0.04723154362416107,0.08777964205816555,S-DIAB__L6_K6_ethage,E2.4,L6_K6_ethage,0.0013825801881633291,6
ALG2(beta=0.3),483,0.02776332901437702,0.026008798508418994,0.042107421087303296,0.018213238274690725,0.0171264272682067,0.02952703011822363,13.409687913944103,20.33788438516749,31.202658787899086,86887.275,179.89083850931675,483.0,0.026536829955743434,0.03387957450894296,0.07479296066252587,0.07567287784679089,0.041977225672877844,0.06768461007591443,0.04214975845410628,0.10129399585921324,0.043133195307108345,0.06052449965493444,0.047498274672187715,0.0619047619047619,0.04349551414768806,0.05574534161490683,0.07958937198067634,0.07229123533471359,0.04344375431331953,0.08880262249827467,S-DIAB__L6_K6_ethage,E2.4,L6_K6_ethage,0.0013825801881633291,6
ALG2(beta=0.3),785,0.020556003151893574,0.020162534230702286,0.02940698203838702,0.013224609256049517,0.012826413025781417,0.02186677503707601,16.136462474236453,23.084480900133812,35.99959365379036,140877.63333333333,179.4619532908705,785.0,0.022396349789049825,0.027413702056171708,0.07714437367303609,0.07669851380042463,0.03954352441613588,0.06625265392781317,0.03945859872611465,0.10776008492569002,0.04010615711252654,0.05937367303609342,0.04556263269639066,0.06339702760084925,0.03863057324840764,0.05501061571125265,0.08640127388535032,0.07990445859872612,0.04129511677282378,0.08346072186836517,S-DIAB__L6_K6_ethage,E2.4,L6_K6_ethage,0.0013825801881633291,6
ALG2(beta=0.3),1274,0.014865489911516549,0.013900182018744281,0.023821754735322363,0.009599717356956253,0.00909955394891628,0.015932717642069782,18.938634147272083,30.34891553280069,59.27630868567317,227583.075,178.636636577708,1274.0,0.01843548606221741,0.020841706883451164,0.08062532705389848,0.07971611721611722,0.03603479853479853,0.06497906855049712,0.038226059654631085,0.11024986917844061,0.03939691261119833,0.05671768707482994,0.04534275248560963,0.06442307692307693,0.03555075876504448,0.051596023024594456,0.08803636839351126,0.09009026687598116,0.036577708006279436,0.08243720565149137,S-DIAB__L6_K6_ethage,E2.4,L6_K6_ethage,0.0013825801881633291,6
ALG2(beta=0.3),2069,0.011659238426157162,0.010873657485405693,0.01932953390926245,0.007747787360939424,0.0070043293425565865,0.01250352771136101,24.122964303719172,39.992805658264004,56.30614269813315,369437.88333333336,178.55866763331724,2069.0,0.01550915953825133,0.017041940509816,0.08124697921701304,0.07970839374899306,0.035423715160302884,0.06633236668277752,0.03799742226518447,0.11850733043338166,0.035004833252779116,0.0528032866118898,0.043233446109231514,0.06422587401321089,0.033607217657483486,0.05038666022232963,0.08655147414209763,0.09833252779120348,0.0343120670211052,0.0823264056710166,S-DIAB__L6_K6_ethage,E2.4,L6_K6_ethage,0.0013825801881633291,6
ALG2(beta=0.3),3360,0.008975515171083559,0.00847440205308897,0.014778126231229044,0.0062515737822485705,0.006310937569883553,0.00950913064103737,30.157730974840753,49.65450413692959,81.64687745041462,603925.0333333333,179.73959325396825,3360.0,0.013073143325319838,0.013929506737605034,0.07571180555555555,0.07594494047619048,0.03353422619047619,0.07032986111111111,0.038487103174603174,0.11886904761904761,0.03251984126984127,0.050456349206349206,0.04228670634920635,0.06273809523809525,0.03226438492063492,0.0496453373015873,0.08868055555555555,0.11152777777777778,0.03266617063492064,0.08433779761904762,S-DIAB__L6_K6_ethage,E2.4,L6_K6_ethage,0.0013825801881633291,6
ALG2(beta=0.3),5456,0.007363379084821966,0.006796234729010083,0.012504970939554317,0.005328093564128469,0.005336786264950255,0.007731627847117983,40.17459628678864,68.22712144620834,99.62318988341806,985426.7,180.61339809384162,5456.0,0.010738818068623892,0.010809171752212752,0.07144580889540567,0.07333058406647115,0.03384652981427175,0.07032319159335289,0.038967803030303026,0.11988483626588466,0.030497006353861194,0.04623350439882698,0.04148643695014663,0.06257178641251222,0.03176777859237537,0.050398643695014664,0.09145741691104595,0.12354288856304985,0.03137066226783969,0.08287512218963833,S-DIAB__L6_K6_ethage,E2.4,L6_K6_ethage,0.0013825801881633291,6
ALG2(beta=0.3),8859,0.005691568618425944,0.00562930519518038,0.009712133067967515,0.0042904223372189874,0.004158171412980334,0.005849438825474117,50.42160639063545,86.03978684912421,128.86886611929287,1609149.2916666667,181.6400600142981,8859.0,0.009002085076478821,0.008486106981493125,0.06494525341460662,0.071747187417692,0.03305960040636641,0.07425593558339919,0.04068931783120743,0.11694134025661286,0.02848703766414569,0.04331000489144749,0.04116435263573767,0.06093896978590511,0.032536591789893515,0.04893234751853106,0.09593539526658389,0.13338601046017234,0.030020318320352183,0.08365033675734657,S-DIAB__L6_K6_ethage,E2.4,L6_K6_ethage,0.0013825801881633291,6
ALG2(beta=0.3),14384,0.004996957720466434,0.004846476318498055,0.008486355388996277,0.003835847667077998,0.0037314672235903928,0.005039741502570663,71.87623985118918,122.06773591532246,158.73117422396368,2620999.5833333335,182.21632253429738,14384.0,0.007355551733358826,0.0064873525734267905,0.06132508342602892,0.07082985724879497,0.031135289210233594,0.07879298757879125,0.03962157026325547,0.1137768817204301,0.02645763811642566,0.04351536429365962,0.04200268817204301,0.05976432146829811,0.03274529569892473,0.047666388579903594,0.09992758157211717,0.14177906006674082,0.02949805339265851,0.08116193919169448,S-DIAB__L6_K6_ethage,E2.4,L6_K6_ethage,0.0013825801881633291,6
ALG2(beta=0.3),23357,0.0042626468730114385,0.0042286801786398966,0.006818025213564845,0.00331795973251893,0.0033097890144434244,0.00415848014614798,99.56264301292818,159.2486149132341,231.60343446779132,4269915.316666666,182.81094818113056,23357.0,0.006211604293582453,0.005182040619277951,0.05810749097344123,0.06936535799403462,0.030537240798618543,0.0842167230380614,0.03722688416035164,0.10603744773158653,0.02379193960411583,0.04248262476630846,0.0416366970644061,0.058180631074196174,0.03423384852506743,0.04764025060295986,0.10774892608925232,0.15246856759572433,0.029085142212898346,0.07724022776897718,S-DIAB__L6_K6_ethage,E2.4,L6_K6_ethage,0.0013825801881633291,6
ALG2(beta=0.3),37927,0.003632315959870729,0.0034809610448560064,0.005531984031758489,0.0028464791536475225,0.002734202059930761,0.0034444815875280294,137.76284741001714,209.8115583725042,289.70083123827624,6963474.083333333,183.60202713985638,37927.0,0.0050659144430865695,0.0039655528100933585,0.05304246754730579,0.06820141324122657,0.028984408644677058,0.08655399407633962,0.03450444274527382,0.09730732723389669,0.022259867640467213,0.04020223060089118,0.04373291674356879,0.056423743858816496,0.036364375422961656,0.04781795730394354,0.11545293150877564,0.16553225055149803,0.027932167936650234,0.07568750494370764,S-DIAB__L6_K6_ethage,E2.4,L6_K6_ethage,0.0013825801881633291,6
ALG2(beta=0.3),61585,0.0030130883671838984,0.00307928209410061,0.004412648962871914,0.002367993321995002,0.0024371389472829146,0.0028091215851763596,185.5610470930204,271.7529863784668,319.53850382004805,11331214.833333334,183.99309626261808,61585.0,0.004281831879532462,0.003181384791168148,0.04943993396660442,0.06872466239073369,0.027414143054315172,0.09228654163622094,0.03123217233633731,0.08533057292089523,0.02150171849205705,0.037948769992693025,0.04585275094043463,0.05414711374523017,0.03863508430083083,0.04720887120781575,0.12172512245947335,0.17952734702714407,0.02699426267218749,0.07203093285702687,S-DIAB__L6_K6_ethage,E2.4,L6_K6_ethage,0.0013825801881633291,6
ALG2(beta=0.3),100000,0.002613595934688411,0.002717096763309392,0.003575234672095653,0.0020483896373872665,0.002121639637388164,0.002424640123840273,261.3595934688411,357.5234672095653,507.54014608324695,18431582.608333334,184.31582608333335,100000.0,0.0035913046923620193,0.0025281532755938667,0.045400166666666665,0.07022325,0.02595016666666667,0.0968335,0.02709475,0.07222941666666667,0.02053425,0.03756925,0.04701408333333334,0.05300358333333333,0.040916,0.047227250000000005,0.1277105,0.19293233333333334,0.02704491666666667,0.06831658333333333,S-DIAB__L6_K6_ethage,E2.4,L6_K6_ethage,0.0013825801881633291,6
ORACLE-CL,10,0.18088875848563504,0.17695188947912158,0.2639013210378561,0.12106678712590077,0.12152279855935608,0.19225443879708135,1.8088875848563502,2.639013210378561,4.219358759685223,1843.95,184.395,0.0,0.12155420340253735,0.2300070461419109,0.1,0.015,0.04666666666666667,0.0,0.17250000000000001,0.1675,0.04083333333333333,0.0,0.0,0.0,0.14083333333333334,0.0,0.06333333333333332,0.03833333333333334,0.0016666666666666666,0.21333333333333332,S-DIAB__L6_K6_ethage,E2.4,L6_K6_ethage,0.0013825801881633291,6
ORACLE-CL,16,0.14351527517162363,0.13766231387136232,0.22398615964075924,0.10054875100303468,0.0868075602283512,0.14551416716121512,2.296244402745978,3.583778554252148,5.2482287648847175,3018.9,188.68125,0.0,0.11334595091755358,0.1916479690373122,0.06302083333333333,0.018229166666666668,0.053125,0.0,0.1671875,0.17760416666666667,0.0515625,0.0,0.0,0.0,0.12135416666666667,0.0,0.07291666666666667,0.043229166666666666,0.004166666666666667,0.22760416666666666,S-DIAB__L6_K6_ethage,E2.4,L6_K6_ethage,0.0013825801881633291,6
ORACLE-CL,26,0.1101315728147543,0.10639224659981546,0.1576145461696964,0.07507723843965068,0.07045449905001758,0.1135291074664885,2.8634208931836116,4.097978200412107,6.787068006753062,4963.391666666666,190.89967948717947,0.0,0.09751407482814364,0.1568607963852159,0.041666666666666664,0.022115384615384613,0.05993589743589744,0.0,0.13974358974358975,0.21153846153846154,0.05352564102564102,0.0,0.0,0.0,0.10352564102564103,0.0,0.075,0.055448717948717946,0.0054487179487179484,0.23205128205128206,S-DIAB__L6_K6_ethage,E2.4,L6_K6_ethage,0.0013825801881633291,6
ORACLE-CL,43,0.07665568335138148,0.06988723351290713,0.11214353505616866,0.053817458334140686,0.04674621521744096,0.0778734108422556,3.296194384109404,4.822172007415252,9.064684149485775,8257.491666666667,192.03468992248062,0.0,0.08128055762557919,0.11911482239461563,0.027906976744186046,0.026937984496124032,0.056201550387596895,0.0,0.12131782945736434,0.2251937984496124,0.06472868217054263,0.0,0.0,0.0,0.0877906976744186,0.0,0.07054263565891472,0.06259689922480621,0.006395348837209303,0.25038759689922485,S-DIAB__L6_K6_ethage,E2.4,L6_K6_ethage,0.0013825801881633291,6
ORACLE-CL,70,0.0553817902377063,0.04993729007318798,0.08957481873939437,0.03777637625303697,0.0357142857142857,0.057366447588775,3.876725316639441,6.270237311757605,12.37643869912754,13424.116666666667,191.77309523809524,0.0,0.06719061472267356,0.09385521100791493,0.019404761904761907,0.0375,0.054285714285714284,0.0,0.10023809523809524,0.23059523809523808,0.06416666666666666,0.0,0.0,0.0,0.0769047619047619,0.0,0.07226190476190476,0.07642857142857143,0.006904761904761905,0.2613095238095238,S-DIAB__L6_K6_ethage,E2.4,L6_K6_ethage,0.0013825801881633291,6
ORACLE-CL,113,0.04033505950355311,0.03837463854289867,0.05856172944600625,0.028365767645626927,0.02781227819336196,0.04116193062944578,4.557861723901501,6.617475427398706,11.706089850196495,21625.516666666666,191.37625368731563,0.0,0.056911523876169955,0.07404728250785227,0.01799410029498525,0.0420353982300885,0.05110619469026549,0.0,0.08333333333333333,0.2325221238938053,0.07632743362831858,0.0,0.0,0.0,0.06969026548672566,0.0,0.08222713864306784,0.08362831858407078,0.006047197640117994,0.25508849557522123,S-DIAB__L6_K6_ethage,E2.4,L6_K6_ethage,0.0013825801881633291,6
ORACLE-CL,183,0.028640846002667253,0.027742141418936644,0.04491595387011008,0.020160160736809662,0.019206311768532373,0.029182224875252658,5.241274818488107,8.219619558230145,13.231073915516873,34888.76666666667,190.6489981785064,0.0,0.04735798231897563,0.059507965347970336,0.016256830601092898,0.04949908925318761,0.049590163934426224,0.0,0.06948998178506376,0.231511839708561,0.0860655737704918,0.0,0.0,0.0,0.06088342440801458,0.0,0.08069216757741349,0.09535519125683059,0.006329690346083789,0.25432604735883424,S-DIAB__L6_K6_ethage,E2.4,L6_K6_ethage,0.0013825801881633291,6
ORACLE-CL,298,0.02039299575247473,0.01846224141857585,0.03499526860334216,0.014113392845113686,0.012982056872646445,0.02093505612164758,6.07711273423747,10.428590043795964,15.932375131085628,56599.01666666667,189.92958612975391,0.0,0.03564167866918862,0.042296504175561814,0.016834451901565996,0.05458612975391498,0.047315436241610734,0.0,0.06017897091722595,0.23369686800894854,0.09155480984340045,8.389261744966444e-05,8.389261744966444e-05,0.0,0.05794183445190156,0.0,0.0941834451901566,0.1005592841163311,0.005564876957494407,0.23741610738255034,S-DIAB__L6_K6_ethage,E2.4,L6_K6_ethage,0.0013825801881633291,6
ORACLE-CL,483,0.014865518423603083,0.014231921528027887,0.025732460536938714,0.010520421920077747,0.009853119606982173,0.015078580480076868,7.180045398600288,12.4287784393414,19.128803924044806,91125.9,188.66645962732917,0.0,0.030356802420643883,0.03553254501797583,0.016028295376121462,0.06533816425120773,0.043978605935127674,0.0,0.05346790890269151,0.23110766045548653,0.08992408557625949,0.00015527950310559007,8.62663906142167e-05,0.0,0.055331262939958596,0.0,0.10224292615596964,0.10757418909592824,0.005745341614906832,0.2290200138026225,S-DIAB__L6_K6_ethage,E2.4,L6_K6_ethage,0.0013825801881633291,6
ORACLE-CL,785,0.01125938648225533,0.010162027176216674,0.02128206090947624,0.007912241463577229,0.007240142822098224,0.011513068641407937,8.838618388570437,16.70641781393885,26.614903433355018,146850.86666666667,187.07116772823778,0.0,0.025948367349981995,0.028960235425129828,0.017038216560509554,0.0768895966029724,0.04201698513800425,0.0,0.047802547770700636,0.2222292993630573,0.09296178343949044,0.00013800424628450107,0.00012738853503184715,0.0,0.05312101910828026,0.0,0.11309978768577494,0.11809978768577493,0.005912951167728238,0.21056263269639064,S-DIAB__L6_K6_ethage,E2.4,L6_K6_ethage,0.0013825801881633291,6
ORACLE-CL,1274,0.008152680989982685,0.007143564810678583,0.013668087428637517,0.005878886827964902,0.004807361772392899,0.0082765574176331,10.386515581237942,17.413143384084194,31.722380011657087,236195.79166666666,185.39701072736787,0.0,0.02000763580529895,0.02128411946358356,0.01508372579801151,0.09202642595499738,0.039194139194139194,0.0,0.046049188906331764,0.20903976975405547,0.09080324437467295,0.00012428048142333855,0.00022239665096807955,0.0,0.05225013082155939,0.0,0.13003663003663002,0.13447802197802197,0.00521978021978022,0.18547226582940868,S-DIAB__L6_K6_ethage,E2.4,L6_K6_ethage,0.0013825801881633291,6
ORACLE-CL,2069,0.006500403140686221,0.00561882992036059,0.011443330376957576,0.004722132646861113,0.004104377675084337,0.0065154583908462885,13.44933409807979,23.676250549925225,39.07149969048813,381948.44166666665,184.60533671661028,0.0,0.016355841693590997,0.017108692770114686,0.012179797003383277,0.10116400837763816,0.03843644272595457,0.0,0.04243193169002739,0.1938456581279201,0.08641050426937329,0.00010874818753020783,0.0007612373127114548,0.0,0.05490575157080715,0.0,0.15154664088931852,0.1534235540518769,0.004333816658611245,0.16045190913484778,S-DIAB__L6_K6_ethage,E2.4,L6_K6_ethage,0.0013825801881633291,6
ORACLE-CL,3360,0.005151781703759417,0.0050049731553478746,0.008651615173664935,0.0037633538588136397,0.003505687256432675,0.005211542846134315,17.30998652463164,29.06942698351418,58.62143545280115,612528.225,182.30006696428572,0.0,0.013407585620741947,0.013683501317366486,0.00967013888888889,0.12182539682539682,0.03828125,1.240079365079365e-05,0.03620287698412698,0.16999503968253968,0.08585813492063493,9.672619047619048e-05,0.0017038690476190476,0.0,0.057155257936507935,0.0,0.16693700396825395,0.17255704365079363,0.003878968253968254,0.13582589285714286,S-DIAB__L6_K6_ethage,E2.4,L6_K6_ethage,0.0013825801881633291,6
ORACLE-CL,5456,0.003987029841114018,0.0038954582152069765,0.006718443649882378,0.0029154842039637225,0.002862446088997735,0.004014004213081586,21.75323481311808,36.655828553758255,54.80160032142448,985925.175,180.704760813783,0.0,0.010407382717112926,0.010447370832731248,0.00751924486803519,0.13653775659824047,0.038494318181818185,2.138318670576735e-05,0.03092925219941349,0.14861772971652004,0.08143939393939394,8.55327468230694e-05,0.003920760019550342,0.0,0.06018908846529814,0.0,0.18655455767350929,0.19112597751710655,0.003309811827956989,0.11125519305962854,S-DIAB__L6_K6_ethage,E2.4,L6_K6_ethage,0.0013825801881633291,6
ORACLE-CL,8859,0.0029283741634015797,0.002654110832688917,0.005434758950333941,0.0021880983186452073,0.0020134598202499092,0.0029204509717822716,25.942466713574596,48.14652954100839,73.4948732195989,1586960.275,179.13537363133534,0.0,0.008367341437576606,0.008263177045876707,0.006448244722880686,0.14996613613274634,0.03920777363886067,4.3270497046318245e-05,0.02657278850133574,0.1286093238514505,0.07870997479023215,7.713436429995862e-05,0.006563946269330624,0.0,0.06339692215073184,0.0,0.2009726455205629,0.20472400948188285,0.0031389923618166085,0.09156883771682282,S-DIAB__L6_K6_ethage,E2.4,L6_K6_ethage,0.0013825801881633291,6
ORACLE-CL,14384,0.002357742526544644,0.002172516081235731,0.004120555098128208,0.001760266195334558,0.0016458165005663414,0.0023691756374389092,33.91376850181816,59.27006453147615,95.35829199861239,2554584.933333333,177.5990637745643,0.0,0.006491270304539943,0.006388812162981328,0.004758180385613644,0.16375312847608456,0.03775954764553207,8.806080830552465e-05,0.021967116240266964,0.11016522988505746,0.07326890989988877,5.9672784575454206e-05,0.010764854467927326,0.0,0.06604734427141268,0.0,0.21498771783463105,0.2209515202076381,0.0026522525027808676,0.0727764645902855,S-DIAB__L6_K6_ethage,E2.4,L6_K6_ethage,0.0013825801881633291,6
ORACLE-CL,23357,0.0017536438460323705,0.0016269392474817456,0.0029257021381925196,0.0013111099319059727,0.0012119168562048925,0.0017491538039203758,40.95985931177808,68.33562484176268,127.02877150667462,4133020.9583333335,176.9499917940375,0.0,0.005031673449414852,0.0049316275145421815,0.0034411525452755064,0.1701809593126971,0.03627427894564085,0.0001462802015098971,0.01811091607084243,0.09334817542207191,0.06729959612393144,4.495440339084643e-05,0.017157240513193762,0.0,0.06877345834938847,0.0,0.22994248690613805,0.23608126043584363,0.002207047137902984,0.05699219363217309,S-DIAB__L6_K6_ethage,E2.4,L6_K6_ethage,0.0013825801881633291,6
ORACLE-CL,37927,0.0011682329481356377,0.0010240604581635694,0.002118577148806973,0.000871819530071822,0.000756719000370829,0.001171490652570723,44.307571023940326,80.35127552280207,134.40812462646485,6668457.316666666,175.82348502825602,0.0,0.003812080173324152,0.0037300025082733046,0.0024173631801443123,0.1800748806918554,0.0343253706682135,0.00022411474675033618,0.014466387182394248,0.0763574322602192,0.06229137553721623,3.6913017111820076e-05,0.025339687645564723,0.0,0.07078510471871402,0.0,0.23877053286576846,0.250383631713555,0.0017540274738313078,0.042773178298661466,S-DIAB__L6_K6_ethage,E2.4,L6_K6_ethage,0.0013825801881633291,6
ORACLE-CL,61585,0.0007617804672818932,0.000668571601979651,0.0013828284540550163,0.0005690688870115079,0.0005048502406155646,0.0007634368470828157,46.91425007755539,85.16149034297818,126.88095555972946,10794129.716666667,175.27205840166707,0.0,0.0031176242329820345,0.003037434877245797,0.0017646342453519525,0.18506955156829313,0.03310695245054261,0.0002807772455413927,0.01226042596952721,0.06623176639333171,0.059093799897161105,3.139292576655571e-05,0.0309880652756353,0.0,0.07208681767746475,0.0,0.24462734432085737,0.2587293983924657,0.0014515168736975994,0.034277556764363615,S-DIAB__L6_K6_ethage,E2.4,L6_K6_ethage,0.0013825801881633291,6
ORACLE-CL,100000,0.0006081818165042573,0.000558977919083747,0.0011079473918952495,0.00045555630405013,0.0004116396373840093,0.0006088658353010335,60.81818165042573,110.79473918952496,142.05968360869772,17478706.9,174.78706899999997,0.0,0.002508799244204831,0.0024684188779148866,0.0013256666666666666,0.18932733333333335,0.03132141666666667,0.00036725,0.0100345,0.056253000000000004,0.055598,2.3916666666666668e-05,0.0391595,0.0,0.07328225000000001,0.0,0.248504,0.26678483333333336,0.0011926666666666667,0.026825666666666664,S-DIAB__L6_K6_ethage,E2.4,L6_K6_ethage,0.0013825801881633291,6
N2-UNIFORM,10,0.2582672906875476,0.24921102515815102,0.3751452884240763,0.18754492164391917,0.16718140173275112,0.26367863160664673,2.5826729068754757,3.751452884240763,5.278346401548538,1736.0,173.6,0.0,0.07200236660525287,0.2518672860212488,0.1,0.1,0.1,0.1,0.1,0.1,0.1,0.1,0.1,0.1,0.0,0.0,0.0,0.0,0.0,0.0,S-DIAB__L6_K6_ethage,E2.4,L6_K6_ethage,0.0013825801881633291,6
N2-UNIFORM,16,0.20288125127743423,0.19610469722869134,0.2847849305424616,0.14878759818737128,0.1340227985593561,0.20046546862354256,3.2461000204389476,4.556558888679386,7.527372993268102,2930.0,183.125,0.0,0.05050528694471515,0.196963003957953,0.0625,0.0625,0.0625,0.0625,0.0625,0.0625,0.0625,0.0625,0.0625,0.0625,0.0625,0.0625,0.0625,0.0625,0.0625,0.0625,S-DIAB__L6_K6_ethage,E2.4,L6_K6_ethage,0.0013825801881633291,6
N2-UNIFORM,26,0.1661453787103022,0.15687572975402628,0.24915827101271432,0.12030098476293428,0.10983768201157272,0.16791661349486578,4.319779846467857,6.478115046330572,9.65718449341228,4666.0,179.46153846153845,0.0,0.054929572478088606,0.15551250815468476,0.07692307692307693,0.07692307692307693,0.07692307692307693,0.07692307692307693,0.07692307692307693,0.07692307692307693,0.07692307692307693,0.07692307692307693,0.07692307692307693,0.07692307692307693,0.038461538461538464,0.038461538461538464,0.038461538461538464,0.038461538461538464,0.038461538461538464,0.038461538461538464,S-DIAB__L6_K6_ethage,E2.4,L6_K6_ethage,0.0013825801881633291,6
N2-UNIFORM,43,0.1334697639810816,0.12668316470172353,0.19056336093910028,0.09426319623585887,0.0889646590244724,0.13453443537526066,5.739199851186509,8.194224520381312,11.943272912687927,7795.0,181.27906976744185,0.0,0.057728400318387794,0.11878103777767922,0.06976744186046512,0.06976744186046512,0.06976744186046512,0.06976744186046512,0.06976744186046512,0.06976744186046512,0.06976744186046512,0.06976744186046512,0.06976744186046512,0.06976744186046512,0.06976744186046512,0.046511627906976744,0.046511627906976744,0.046511627906976744,0.046511627906976744,0.046511627906976744,S-DIAB__L6_K6_ethage,E2.4,L6_K6_ethage,0.0013825801881633291,6
N2-UNIFORM,70,0.10198949258353023,0.10075156460750923,0.14797721775043898,0.07245208284107053,0.06478273695662778,0.10184771122085477,7.139264480847116,10.358405242530727,18.254863280638922,12660.0,180.85714285714286,0.0,0.04994119117753478,0.08909521110945745,0.07142857142857142,0.07142857142857142,0.07142857142857142,0.07142857142857142,0.07142857142857142,0.07142857142857142,0.05714285714285714,0.05714285714285714,0.05714285714285714,0.05714285714285714,0.05714285714285714,0.05714285714285714,0.05714285714285714,0.05714285714285714,0.05714285714285714,0.05714285714285714,S-DIAB__L6_K6_ethage,E2.4,L6_K6_ethage,0.0013825801881633291,6
N2-UNIFORM,113,0.082684381429203,0.07732018852974254,0.1318997370045914,0.058826031445912766,0.056036072895639395,0.08352187089481906,9.34333510149994,14.904670281518829,18.91904695200562,20582.0,182.141592920354,0.0,0.04940516461966759,0.06869960195776006,0.07079646017699115,0.061946902654867256,0.061946902654867256,0.061946902654867256,0.061946902654867256,0.061946902654867256,0.061946902654867256,0.061946902654867256,0.061946902654867256,0.061946902654867256,0.061946902654867256,0.061946902654867256,0.061946902654867256,0.061946902654867256,0.061946902654867256,0.061946902654867256,S-DIAB__L6_K6_ethage,E2.4,L6_K6_ethage,0.0013825801881633291,6
N2-UNIFORM,183,0.07075147404732357,0.06930795838730296,0.10784084208369588,0.050434646244417715,0.04838305659483816,0.07092760140050955,12.947519750660213,19.734874101316343,27.340519729861867,33369.0,182.34426229508196,0.0,0.05110346800054924,0.05581984278234899,0.06557377049180328,0.06557377049180328,0.06557377049180328,0.06557377049180328,0.06557377049180328,0.06557377049180328,0.06557377049180328,0.060109289617486336,0.060109289617486336,0.060109289617486336,0.060109289617486336,0.060109289617486336,0.060109289617486336,0.060109289617486336,0.060109289617486336,0.060109289617486336,S-DIAB__L6_K6_ethage,E2.4,L6_K6_ethage,0.0013825801881633291,6
N2-UNIFORM,298,0.06348435609800077,0.062059532778522775,0.09123580867783222,0.04537644678151874,0.04300981826685902,0.06262019575504388,18.918338117204225,27.188270985994002,39.37229110339972,54476.0,182.80536912751677,0.0,0.05063877709149145,0.04302726940341143,0.06375838926174497,0.06375838926174497,0.06375838926174497,0.06375838926174497,0.06375838926174497,0.06375838926174497,0.06375838926174497,0.06375838926174497,0.06375838926174497,0.06375838926174497,0.06040268456375839,0.06040268456375839,0.06040268456375839,0.06040268456375839,0.06040268456375839,0.06040268456375839,S-DIAB__L6_K6_ethage,E2.4,L6_K6_ethage,0.0013825801881633291,6
N2-UNIFORM,483,0.05925411644076597,0.059329949907498306,0.08313761235368461,0.04242301671484927,0.0409359510777309,0.05832748367479693,28.61973824088996,40.15546676682966,55.63649047645295,88243.0,182.6977225672878,0.0,0.05037173557923381,0.033915765923714265,0.06418219461697723,0.06418219461697723,0.06418219461697723,0.062111801242236024,0.062111801242236024,0.062111801242236024,0.062111801242236024,0.062111801242236024,0.062111801242236024,0.062111801242236024,0.062111801242236024,0.062111801242236024,0.062111801242236024,0.062111801242236024,0.062111801242236024,0.062111801242236024,S-DIAB__L6_K6_ethage,E2.4,L6_K6_ethage,0.0013825801881633291,6
N2-UNIFORM,785,0.05626631831935923,0.05700301794018327,0.07289131401964645,0.04024442959658551,0.040848915432678046,0.0561686215584387,44.16905988069699,57.219681505422464,81.71508760597938,143642.0,182.98343949044585,0.0,0.05034662865139428,0.02722685109486472,0.06369426751592357,0.062420382165605096,0.062420382165605096,0.062420382165605096,0.062420382165605096,0.062420382165605096,0.062420382165605096,0.062420382165605096,0.062420382165605096,0.062420382165605096,0.062420382165605096,0.062420382165605096,0.062420382165605096,0.062420382165605096,0.062420382165605096,0.062420382165605096,S-DIAB__L6_K6_ethage,E2.4,L6_K6_ethage,0.0013825801881633291,6
N2-UNIFORM,1274,0.05377393859558517,0.053183205817928986,0.07009670360399956,0.03873479986531354,0.03737837155778699,0.053777654304556805,68.5079977707755,89.30320039149544,109.51785276303139,233206.0,183.0502354788069,0.0,0.05053193370040779,0.020301529323262797,0.06279434850863422,0.06279434850863422,0.06279434850863422,0.06279434850863422,0.06279434850863422,0.06279434850863422,0.06279434850863422,0.06279434850863422,0.06279434850863422,0.06279434850863422,0.06200941915227629,0.06200941915227629,0.06200941915227629,0.06200941915227629,0.06200941915227629,0.06200941915227629,S-DIAB__L6_K6_ethage,E2.4,L6_K6_ethage,0.0013825801881633291,6
N2-UNIFORM,2069,0.0526443764537448,0.052352981656700784,0.06646520316139017,0.03798701438488182,0.0378108604249925,0.05298862248339981,108.921214882798,137.51650534091627,156.32767114272147,378711.0,183.04059932334462,0.0,0.05054271310070379,0.01609933880718616,0.06283228612856452,0.06283228612856452,0.06283228612856452,0.06283228612856452,0.06283228612856452,0.06234896085065249,0.06234896085065249,0.06234896085065249,0.06234896085065249,0.06234896085065249,0.06234896085065249,0.06234896085065249,0.06234896085065249,0.06234896085065249,0.06234896085065249,0.06234896085065249,S-DIAB__L6_K6_ethage,E2.4,L6_K6_ethage,0.0013825801881633291,6
N2-UNIFORM,3360,0.051845389240340885,0.051859666839467355,0.06294516670115945,0.03774100095603363,0.03685017951173789,0.05251223331394626,174.20050784754537,211.49576011589573,258.73758459855924,615300.0,183.125,0.0,0.05050528694471548,0.013018380637258435,0.0625,0.0625,0.0625,0.0625,0.0625,0.0625,0.0625,0.0625,0.0625,0.0625,0.0625,0.0625,0.0625,0.0625,0.0625,0.0625,S-DIAB__L6_K6_ethage,E2.4,L6_K6_ethage,0.0013825801881633291,6
N2-UNIFORM,5456,0.05123438995312209,0.05128157630111275,0.05973676560660524,0.03732039142348213,0.037248605010969986,0.05241896251609542,279.53483158423415,325.92379314963824,381.3233208567469,999130.0,183.125,0.0,0.050505286944715115,0.010091831167988214,0.0625,0.0625,0.0625,0.0625,0.0625,0.0625,0.0625,0.0625,0.0625,0.0625,0.0625,0.0625,0.0625,0.0625,0.0625,0.0625,S-DIAB__L6_K6_ethage,E2.4,L6_K6_ethage,0.0013825801881633291,6
N2-UNIFORM,8859,0.050350288571053774,0.05052221778386604,0.05653177637930639,0.036916748215068504,0.03712275340752738,0.05173703649900861,446.0532064509654,500.81500694427535,543.7288363351921,1622225.0,183.11604018512247,0.0,0.05053891380803441,0.007952454949879097,0.06253527486172254,0.06253527486172254,0.06253527486172254,0.06253527486172254,0.06253527486172254,0.06253527486172254,0.06253527486172254,0.06253527486172254,0.06253527486172254,0.06253527486172254,0.06253527486172254,0.062422395304210405,0.062422395304210405,0.062422395304210405,0.062422395304210405,0.062422395304210405,S-DIAB__L6_K6_ethage,E2.4,L6_K6_ethage,0.0013825801881633291,6
N2-UNIFORM,14384,0.050527494215309554,0.049924262624288625,0.05576601550029349,0.03711303771396204,0.036761953175587114,0.05199448234978396,726.7874767930126,802.1383669562215,891.7617592295546,2634070.0,183.125,0.0,0.050505286944715795,0.006665634727415439,0.0625,0.0625,0.0625,0.0625,0.0625,0.0625,0.0625,0.0625,0.0625,0.0625,0.0625,0.0625,0.0625,0.0625,0.0625,0.0625,S-DIAB__L6_K6_ethage,E2.4,L6_K6_ethage,0.0013825801881633291,6
N2-UNIFORM,23357,0.050106694669574674,0.05007600053145359,0.05394730940409163,0.03686366710697622,0.03681157708399774,0.0517600594838751,1170.3420673972557,1260.047305751368,1393.6837772712454,4277203.0,183.12296099670334,0.0,0.05051208407288976,0.005163561447267903,0.06250802757203408,0.06250802757203408,0.06250802757203408,0.06250802757203408,0.06250802757203408,0.06250802757203408,0.06250802757203408,0.06250802757203408,0.06250802757203408,0.06250802757203408,0.06250802757203408,0.06250802757203408,0.06250802757203408,0.06246521385451899,0.06246521385451899,0.06246521385451899,S-DIAB__L6_K6_ethage,E2.4,L6_K6_ethage,0.0013825801881633291,6
N2-UNIFORM,37927,0.05043173585514407,0.050258998401767715,0.05375608587117608,0.03722862817939889,0.037173917814753335,0.052143255884582754,1912.7244457780496,2038.8070688360951,2257.617133565294,6945239.0,183.12123289477154,0.0,0.05050791827448776,0.003961578137444138,0.06251483112294672,0.06251483112294672,0.06251483112294672,0.06251483112294672,0.06251483112294672,0.06251483112294672,0.06251483112294672,0.06248846468215256,0.06248846468215256,0.06248846468215256,0.06248846468215256,0.06248846468215256,0.06248846468215256,0.06248846468215256,0.06248846468215256,0.06248846468215256,S-DIAB__L6_K6_ethage,E2.4,L6_K6_ethage,0.0013825801881633291,6
N2-UNIFORM,61585,0.05034169110692052,0.05052435445239498,0.052712637052100456,0.03718056154272388,0.037313981477233624,0.05213417252049224,3100.2930468197005,3246.3077528536064,3419.951548926869,11277642.0,183.1231955833401,0.0,0.05050326397501314,0.0030958118630496564,0.06251522286271008,0.062498985142485995,0.062498985142485995,0.062498985142485995,0.062498985142485995,0.062498985142485995,0.062498985142485995,0.062498985142485995,0.062498985142485995,0.062498985142485995,0.062498985142485995,0.062498985142485995,0.062498985142485995,0.062498985142485995,0.062498985142485995,0.062498985142485995,S-DIAB__L6_K6_ethage,E2.4,L6_K6_ethage,0.0013825801881633291,6
N2-UNIFORM,100000,0.05039244862555829,0.05036709318009712,0.052093960061333135,0.03719254855929747,0.03718279855929797,0.05229458175840507,5039.24486255583,5209.396006133314,5465.34883542465,18312500.0,183.125,0.0,0.050505286944702237,0.002307884833748989,0.0625,0.0625,0.0625,0.0625,0.0625,0.0625,0.0625,0.0625,0.0625,0.0625,0.0625,0.0625,0.0625,0.0625,0.0625,0.0625,S-DIAB__L6_K6_ethage,E2.4,L6_K6_ethage,0.0013825801881633291,6
