policy,T,err_l2_mean,err_l2_med,err_l2_q90,err_linf_mean,err_linf_med,err_tv_mean,S_norm_mean,S_norm_q90,S_norm_max,cost_mean,cost_per_sample,uncertain_mean,alloc_err,samp_err,pull_ONLINE,pull_PORTAL,pull_LANDLINE,pull_CELL,pull_MEDICARE,pull_MEDICAID,pull_VA,pull_ED,pull_INPATIENT,pull_TELEHEALTH,pull_SPANISH,pull_SITE_NE,pull_SITE_MW,pull_SITE_S,pull_SITE_W,pull_RURAL,scenario,experiment,ladder,margin_c,K
ALG2(beta=0.3),10,0.14117649930744947,0.0780563860144552,0.21947774225176467,0.0998268600044755,0.055194199865736114,0.09982686000447547,1.4117649930744947,2.194777422517647,3.4620768269747333,1736.0,173.6,10.0,0.00942686534134113,0.1408622704627381,0.1,0.1,0.1,0.1,0.1,0.1,0.1,0.1,0.1,0.1,0.0,0.0,0.0,0.0,0.0,0.0,S-DIAB__L1_K2_black,E2.4,L1_K2_black,0.12751037588812997,2
ALG2(beta=0.3),16,0.10579227725199303,0.13108939460344624,0.21947774225176475,0.07480643664205164,0.09269419986573607,0.07480643664205161,1.6926764360318884,3.511643876028236,3.5594239358372404,2930.0,183.125,16.0,0.021484686997946423,0.10185341796903619,0.0625,0.0625,0.0625,0.0625,0.0625,0.0625,0.0625,0.0625,0.0625,0.0625,0.0625,0.0625,0.0625,0.0625,0.0625,0.0625,S-DIAB__L1_K2_black,E2.4,L1_K2_black,0.12751037588812997,2
ALG2(beta=0.3),26,0.07237979525946063,0.05629925428563835,0.16508491292972263,0.05118024404885856,0.03980958448112072,0.051180244048858535,1.881874676745976,4.292207736172789,5.706421298545885,4628.958333333333,178.03685897435895,26.0,0.015447060794796876,0.076267699024901,0.08301282051282051,0.08205128205128205,0.075,0.06955128205128205,0.06666666666666667,0.06923076923076923,0.06698717948717949,0.06378205128205129,0.06314102564102564,0.058653846153846154,0.05032051282051282,0.05673076923076924,0.04871794871794872,0.06153846153846154,0.0391025641025641,0.04551282051282051,S-DIAB__L1_K2_black,E2.4,L1_K2_black,0.12751037588812997,2
ALG2(beta=0.3),43,0.06085506314977883,0.04363175772462508,0.12081167976061868,0.04303102782274421,0.030852311762170962,0.043031027822744185,2.6167677154404894,5.194902229706603,9.437542916825889,7796.058333333333,181.30368217054263,43.0,0.01666061830331848,0.06401524005121749,0.07286821705426356,0.06647286821705427,0.06337209302325582,0.06124031007751938,0.06453488372093023,0.06511627906976744,0.07073643410852713,0.06666666666666667,0.06492248062015503,0.07054263565891472,0.05562015503875969,0.061046511627906974,0.050387596899224806,0.06724806201550387,0.04825581395348837,0.05096899224806202,S-DIAB__L1_K2_black,E2.4,L1_K2_black,0.12751037588812997,2
ALG2(beta=0.3),70,0.04195189847885605,0.03765028423236676,0.09825943690549949,0.02966447189804875,0.026622771294307512,0.029664471898048723,2.9366328935199237,6.878160583384964,15.36344195762354,12723.5,181.7642857142857,70.0,0.017382402799951464,0.0478837997884944,0.07392857142857143,0.06178571428571429,0.06214285714285714,0.059166666666666666,0.0619047619047619,0.0663095238095238,0.07297619047619047,0.0625,0.06119047619047619,0.07071428571428572,0.05607142857142857,0.05928571428571429,0.055,0.07607142857142857,0.051190476190476196,0.049761904761904764,S-DIAB__L1_K2_black,E2.4,L1_K2_black,0.12751037588812997,2
ALG2(beta=0.3),113,0.027726014536320797,0.019235113951149477,0.06929577102630338,0.019605252893909256,0.0136012795117538,0.019605252893909228,3.1330396426042504,7.830422125972283,12.073062813091575,20692.066666666666,183.11563421828907,113.0,0.022261272004683086,0.037156369488037126,0.06792035398230088,0.057153392330383475,0.056120943952802364,0.05235988200589971,0.056563421828908556,0.07160766961651918,0.07013274336283186,0.06261061946902655,0.05553097345132744,0.06533923303834809,0.07146017699115044,0.061873156342182885,0.05530973451327434,0.09107669616519173,0.05471976401179941,0.050221238938053095,S-DIAB__L1_K2_black,E2.4,L1_K2_black,0.12751037588812997,2
ALG2(beta=0.3),183,0.01956672601142641,0.012360546661857368,0.042507848381033414,0.013835764648298852,0.008740226363772113,0.013835764648298825,3.580710860091034,7.778936253729115,13.294369146984177,33769.05,184.53032786885248,183.0,0.02078731588189379,0.029417870604358003,0.05974499089253188,0.054189435336976316,0.05236794171220401,0.05377959927140255,0.053642987249544624,0.07536429872495445,0.07531876138433516,0.06520947176684881,0.0564207650273224,0.06361566484517304,0.07604735883424407,0.05701275045537341,0.05068306010928962,0.10582877959927141,0.05332422586520947,0.047449908925318765,S-DIAB__L1_K2_black,E2.4,L1_K2_black,0.12751037588812997,2
ALG2(beta=0.3),298,0.012017010026921637,0.005922002967236973,0.029650418443295683,0.008497309279623052,0.004187488456340149,0.008497309279623026,3.5810689880226483,8.835824696102113,28.634814569325478,55308.90833333333,185.6003635346756,298.0,0.017975340859414945,0.02153275274787668,0.053355704697986575,0.05215324384787472,0.052376957494407156,0.05220917225950783,0.04865771812080537,0.08529082774049217,0.07413310961968679,0.06663870246085012,0.05620805369127517,0.06076621923937361,0.07885906040268456,0.04890939597315436,0.0456096196868009,0.12925055928411633,0.05212527964205817,0.04345637583892617,S-DIAB__L1_K2_black,E2.4,L1_K2_black,0.12751037588812997,2
ALG2(beta=0.3),483,0.006817875260164785,0.003048615388722269,0.014812052790316985,0.004820965829746543,0.0021556966145952153,0.004820965829746517,3.2930337506595913,7.154221497723103,32.4686442642015,90267.59166666666,186.8894237405107,483.0,0.014824931239638335,0.0165330892806169,0.048291925465838506,0.047066942719116635,0.0497239475500345,0.05074189095928226,0.04320220841959972,0.09197722567287785,0.07258454106280192,0.06754658385093168,0.0480503795721187,0.059558316080055206,0.08897515527950312,0.04478951000690131,0.04204623878536922,0.15671152518978604,0.04779158040027605,0.040942028985507244,S-DIAB__L1_K2_black,E2.4,L1_K2_black,0.12751037588812997,2
ALG2(beta=0.3),785,0.0037030010193459793,0.0014906835929819494,0.008696867350297214,0.0026184171315202674,0.001054072477201096,0.0026184171315202396,2.9068558001865936,6.827040869983312,36.52552567981835,147963.175,188.48812101910826,785.0,0.012832314676254087,0.014237548061422403,0.04186836518046709,0.040902335456475584,0.04334394904458599,0.045912951167728235,0.041740976645435246,0.09330148619957536,0.07146496815286624,0.0654352441613588,0.04313163481953291,0.053407643312101905,0.1085456475583864,0.0391932059447983,0.03564755838641189,0.19445859872611465,0.04708067940552017,0.03456475583864119,S-DIAB__L1_K2_black,E2.4,L1_K2_black,0.12751037588812997,2
ALG2(beta=0.3),1274,0.0015295505281482816,0.0007963672223301192,0.004126540446128635,0.0010815555506211454,0.0005631166632243561,0.0010815555506211154,1.9486473728609108,5.25721252836788,13.742493902606416,242598.70833333334,190.422847985348,1274.0,0.010104354583973045,0.010064493215311035,0.03430141287284145,0.03323521716378859,0.03575353218210361,0.037133699633699634,0.03413788592360021,0.09457744636316065,0.07057823129251702,0.0558935112506541,0.03856619570905285,0.044642857142857144,0.14301412872841443,0.031959706959706964,0.02878074306645735,0.24509419152276296,0.04355049712192569,0.02878074306645735,S-DIAB__L1_K2_black,E2.4,L1_K2_black,0.12751037588812997,2
ALG2(beta=0.3),2069,0.0007292936977257874,6.616490920146256e-05,0.002116740398384247,0.0005156885191385494,4.678565597297489e-05,0.0005156885191385165,1.5089086605946542,4.379535884257007,27.006952882226834,398635.18333333335,192.6704607700983,2069.0,0.007729574541169398,0.007808599935184892,0.025656516835830517,0.024182374738198807,0.02829466731110037,0.02876188174641534,0.02681246979217013,0.09023280167552764,0.059662477847591426,0.045166747220879655,0.029370066054454646,0.03822700177219269,0.18359110681488644,0.023405026582890284,0.021250201385532463,0.3122522957950701,0.040663766714999196,0.02247059771226035,S-DIAB__L1_K2_black,E2.4,L1_K2_black,0.12751037588812997,2
ALG2(beta=0.3),3360,0.0003549403821481306,0.00023043618834107132,0.000689425222948988,0.0002509807511339234,0.00016294299140678356,0.0002509807511338878,1.1925996840177189,2.3164687491085996,7.711015781412803,653772.5333333333,194.57515873015873,3360.0,0.007159416908926322,0.00713637329009222,0.01785218253968254,0.016989087301587304,0.02004960317460317,0.01986111111111111,0.01863343253968254,0.0755704365079365,0.04871031746031746,0.03653521825396826,0.020776289682539684,0.02827876984126984,0.22716021825396826,0.016262400793650794,0.015404265873015873,0.3854365079365079,0.03558779761904762,0.01689236111111111,S-DIAB__L1_K2_black,E2.4,L1_K2_black,0.12751037588812997,2
ALG2(beta=0.3),5456,0.00020389702392833696,0.0001916950069629611,0.00045089837250055875,0.00014417696828352065,0.00013554883934315274,0.0001441769682834828,1.1124621625530067,2.4601015203630485,9.5311693322285,1069226.5916666666,195.97261577468228,5456.0,0.004860276425614503,0.0048843574345849,0.012217436461388074,0.011620234604105571,0.01364247311827957,0.013382820136852394,0.012574841153470186,0.0641358137829912,0.035358626588465294,0.025030547409579666,0.014366446725317695,0.018665994623655913,0.2667995478983382,0.01085654936461388,0.010826001955034213,0.44949138563049856,0.029229288856304984,0.011801991691104595,S-DIAB__L1_K2_black,E2.4,L1_K2_black,0.12751037588812997,2
ALG2(beta=0.3),8859,8.503489052658818e-05,2.1484327195170873e-05,0.000138151473953188,6.0128747728845614e-05,1.5191713448976622e-05,6.012874772880621e-05,0.7533240951750447,1.2238839077512924,5.466524594870561,1745312.3416666666,197.01008484780073,8859.0,0.004222440833591028,0.0042378423613123935,0.007980584716107913,0.007688038529555631,0.009158294766151183,0.00874722504421116,0.008240207698385823,0.051414757120818756,0.02475072431049404,0.01687831583700192,0.009371825262444972,0.012725288783534636,0.2986548519396471,0.00725063024419611,0.007163148587124205,0.5002850208827181,0.021608909959739624,0.008082176317868834,S-DIAB__L1_K2_black,E2.4,L1_K2_black,0.12751037588812997,2
ALG2(beta=0.3),14384,7.756392407029675e-05,6.750835857462318e-05,0.0002274471953129711,5.4845976685585876e-05,4.773561813492856e-05,5.4845976685545314e-05,1.1156794838271482,3.2716004573817763,4.685814019755142,2844063.441666667,197.72409911475717,14384.0,0.0034910433111256505,0.0034895142194928713,0.005064075824990731,0.004982387838338895,0.006006094734890619,0.005665438450129773,0.005219340934371524,0.04240185854653318,0.01629762235817575,0.01114432703003337,0.005895439377085651,0.008186179087875417,0.32207255747126434,0.0046005978865406,0.004674754356692621,0.5369444058212829,0.015372983870967742,0.005471936410826844,S-DIAB__L1_K2_black,E2.4,L1_K2_black,0.12751037588812997,2
ALG2(beta=0.3),23357,2.8370717887691748e-05,7.815123003854946e-06,5.273261696160462e-05,2.006112700555861e-05,5.526126471874436e-06,2.006112700551732e-05,0.6626548577028163,1.2316757343721991,8.302743546237965,4628951.725,198.18263154514705,23357.0,0.0024230407880537308,0.002422796727654148,0.0032834553524282513,0.003152516733027929,0.0038660786916127924,0.003576372536427338,0.0033808565597750855,0.032312582951577684,0.011023818698177564,0.007315080418432732,0.0038782092449087353,0.005285353427238087,0.3381067060552868,0.002929528620970159,0.002997317007035721,0.5642391288835609,0.010988140600248318,0.0036648542192918607,S-DIAB__L1_K2_black,E2.4,L1_K2_black,0.12751037588812997,2
ALG2(beta=0.3),37927,1.7074496314005433e-05,1.879986675534654e-06,3.9167764838140046e-05,1.2073492129019776e-05,1.3293513268526418e-06,1.2073492128977955e-05,0.6475844217012842,1.4855158170161376,7.142370066508754,7527802.816666666,198.48136727573143,37927.0,0.0021150974521658697,0.0021210953497087254,0.0020822896617185642,0.0020014325766164825,0.002479983477030436,0.0022800379676747432,0.002161388984101036,0.025157100043065185,0.007055220115836563,0.00471497877501516,0.0024876736889287315,0.0033412872096395705,0.3501168912208541,0.00188190471168297,0.0019568293476063666,0.5823637074731283,0.007562334660444187,0.002356940086657702,S-DIAB__L1_K2_black,E2.4,L1_K2_black,0.12751037588812997,2
ALG2(beta=0.3),61585,1.9747017039099914e-05,8.386337372941243e-06,3.754087095289067e-05,1.3963249656595986e-05,5.93003602576758e-06,1.396324965655385e-05,1.2161200443529685,2.311954537633772,12.211449474247786,12235246.341666667,198.67250696868825,51906.583333333336,0.001704819860807711,0.0017075871291711258,0.0013111959080945035,0.0012674893778246868,0.0015535438824389055,0.0014263484073502746,0.00134475386322427,0.02039538848745636,0.004382290059808936,0.003016697788963763,0.0015517847960812969,0.002083705447755135,0.35809707450407297,0.001185082947687478,0.0012235122188844684,0.5946571134746015,0.004992287082893562,0.0015117317528618981,S-DIAB__L1_K2_black,E2.4,L1_K2_black,0.12751037588812997,2
ALG2(beta=0.3),100000,9.197004097065593e-06,5.9395070840952085e-06,2.0081642707825125e-05,6.503263963677904e-06,4.199865736111575e-06,6.5032639636355406e-06,0.9197004097065594,2.0081642707825123,4.836591395528518,19879622.85,198.7962285,57727.541666666664,0.0013647044801001905,0.0013639361002251956,0.0008120833333333333,0.0007924166666666666,0.0009676666666666667,0.0008859166666666667,0.00083475,0.015021166666666665,0.002745416666666667,0.0019455000000000002,0.0009631666666666666,0.0012941666666666666,0.36320308333333334,0.0007359166666666667,0.0007716666666666667,0.6047870833333333,0.0032775833333333333,0.0009624166666666667,S-DIAB__L1_K2_black,E2.4,L1_K2_black,0.12751037588812997,2
ORACLE-CL,10,0.09042385820480606,0.0780563860144552,0.21947774225176467,0.06393932331766924,0.05519419986573611,0.06393932331766919,0.9042385820480606,2.194777422517647,2.194777422517647,1863.0,186.3,0.0,0.07898778739816364,0.13442154823832755,0.1,0.0,0.0,0.0,0.0,0.0,0.0,0.0,0.0,0.0,0.36416666666666664,0.0,0.0,0.5358333333333334,0.0,0.0,S-DIAB__L1_K2_black,E2.4,L1_K2_black,0.12751037588812997,2
ORACLE-CL,16,0.06169764521910257,0.045687300693190616,0.13108939460344624,0.043626823317669254,0.032305800134263984,0.043626823317669206,0.9871623235056411,2.0974303136551398,3.511643876028236,3057.0,191.0625,0.0,0.06990277702622971,0.11131780319683289,0.0625,0.0,0.0,0.0,0.0,0.0,0.0,0.0,0.0,0.0,0.3651041666666667,0.0,0.0,0.5723958333333333,0.0,0.0,S-DIAB__L1_K2_black,E2.4,L1_K2_black,0.12751037588812997,2
ORACLE-CL,26,0.022240188460575485,0.0019064249635962387,0.05629925428563836,0.015726188075339778,0.0013480460195822654,0.015726188075339733,0.5782448999749629,1.4637806114265974,4.292207736172791,5047.0,194.1153846153846,0.0,0.06877624047618829,0.08212138017355812,0.038461538461538464,0.0,0.0,0.0,0.0,0.0,0.0,0.0,0.0,0.0,0.3926282051282052,0.0,0.0,0.5689102564102564,0.0,0.0,S-DIAB__L1_K2_black,E2.4,L1_K2_black,0.12751037588812997,2
ORACLE-CL,43,0.01970023865751325,0.010743070227576352,0.022145617269472395,0.013930172345721031,0.0075964978086825894,0.013930172345720988,0.8471102622730697,0.952261542587313,5.194902229706603,8430.0,196.04651162790697,0.0,0.05214583614492363,0.06077472139999917,0.023255813953488372,0.0,0.0,0.0,0.0,0.0,0.0,0.0,0.0,0.0,0.3808139534883721,0.0,0.0,0.5959302325581395,0.0,0.0,S-DIAB__L1_K2_black,E2.4,L1_K2_black,0.12751037588812997,2
ORACLE-CL,70,0.011923060842434741,0.0027558175497216625,0.037650284232366764,0.008430877174185438,0.0019486572771211274,0.008430877174185395,0.8346142589704318,2.6355198962656736,6.878160583384964,13803.0,197.18571428571428,0.0,0.03836999271640814,0.04242406364266403,0.014285714285714285,0.0,0.0,0.0,0.0,0.0,0.0,0.0,0.0,0.0,0.3825,0.0,0.0,0.6032142857142857,0.0,0.0,S-DIAB__L1_K2_black,E2.4,L1_K2_black,0.12751037588812997,2
ORACLE-CL,113,0.010185779582799025,0.006719949682361024,0.019235113951149477,0.007202433814668716,0.0047517219896299106,0.007202433814668672,1.1509930928562895,2.1735678764798907,6.416208563599185,22360.0,197.87610619469027,0.0,0.03100878415345421,0.034672409554309586,0.008849557522123894,0.0,0.0,0.0,0.0,0.0,0.0,0.0,0.0,0.0,0.3866519174041298,0.0,0.0,0.6044985250737464,0.0,0.0,S-DIAB__L1_K2_black,E2.4,L1_K2_black,0.12751037588812997,2
ORACLE-CL,183,0.005385326360846115,0.0030953392657174237,0.010823282229504785,0.0038080007886570027,0.0021887353848618145,0.0038080007886569602,0.9855147240348392,1.9806606479993756,4.809087772745566,36290.0,198.30601092896174,0.0,0.025261920555174264,0.02682474712375908,0.00546448087431694,0.0,0.0,0.0,0.0,0.0,0.0,0.0,0.0,0.0,0.3830145719489982,0.0,0.0,0.6115209471766849,0.0,0.0,S-DIAB__L1_K2_black,E2.4,L1_K2_black,0.12751037588812997,2
ORACLE-CL,298,0.0037708806039023304,0.001176319872025227,0.010667686062448653,0.0026664152460642043,0.0008317837583535703,0.0026664152460641618,1.1237224199628946,3.1789704466096986,8.835824696102096,59175.0,198.5738255033557,0.0,0.019048986563511252,0.019943658582851055,0.003355704697986577,0.0,0.0,0.0,0.0,0.0,0.0,0.0,0.0,0.0,0.37793624161073824,0.0,0.0,0.6187080536912751,0.0,0.0,S-DIAB__L1_K2_black,E2.4,L1_K2_black,0.12751037588812997,2
ORACLE-CL,483,0.0014126340981774142,0.00012063699871589201,0.002807341391290564,0.0009988831501566357,8.530323985404494e-05,0.0009988831501565928,0.6823022694196911,1.3559458919933425,7.012800141485706,95990.0,198.73706004140786,0.0,0.014646248695088633,0.01517641188929614,0.002070393374741201,0.0,0.0,0.0,0.0,0.0,0.0,0.0,0.0,0.0,0.3737232574189096,0.0,0.0,0.6242063492063492,0.0,0.0,S-DIAB__L1_K2_black,E2.4,L1_K2_black,0.12751037588812997,2
ORACLE-CL,785,0.0011084234625949874,0.00031086234634688224,0.0032922295323106836,0.0007837737468272317,0.0002198128731174865,0.0007837737468271889,0.8701124181370651,2.5844001828638867,8.241254432356284,156088.0,198.83821656050955,0.0,0.012105570604759645,0.01224778839142384,0.0012738853503184713,0.0,0.0,0.0,0.0,0.0,0.0,0.0,0.0,0.0,0.3734607218683652,0.0,0.0,0.6252653927813163,0.0,0.0,S-DIAB__L1_K2_black,E2.4,L1_K2_black,0.12751037588812997,2
ORACLE-CL,1274,0.0007846803331098873,0.0003136905189360959,0.0019064249635962428,0.0005548527846057632,0.00022181269313368497,0.0005548527846057203,0.9996827443819962,2.4287854036216134,5.257212528367825,253399.0,198.90031397174255,0.0,0.009682457139358962,0.00979674817474606,0.0007849293563579278,0.0,0.0,0.0,0.0,0.0,0.0,0.0,0.0,0.0,0.37547749869178443,0.0,0.0,0.6237375719518576,0.0,0.0,S-DIAB__L1_K2_black,E2.4,L1_K2_black,0.12751037588812997,2
ORACLE-CL,2069,0.00032028134837586766,6.616490920139428e-05,0.0007496900722623414,0.0002264731133241898,4.6785655972940524e-05,0.0002264731133241471,0.6626621097896702,1.5511087595107844,7.207963009003173,411604.0,198.93861768970518,0.0,0.007865205208597893,0.007890458095791598,0.0004833252779120348,0.0,0.0,0.0,0.0,0.0,0.0,0.0,0.0,0.0,0.3716368616078621,0.0,0.0,0.6278798131142258,0.0,0.0,S-DIAB__L1_K2_black,E2.4,L1_K2_black,0.12751037588812997,2
ORACLE-CL,3360,0.0003080107025747901,0.0001904607052223059,0.0006113575987857175,0.00021779645646870962,0.00013467605621230594,0.00021779645646866687,1.0349159606512945,2.054161531920011,4.882588656666204,668513.0,198.9622023809524,0.0,0.007176084824858456,0.007138133177776229,0.00029761904761904765,0.0,0.0,0.0,0.0,0.0,0.0,0.0,0.0,0.0,0.3719196428571429,0.0,0.0,0.6277827380952381,0.0,0.0,S-DIAB__L1_K2_black,E2.4,L1_K2_black,0.12751037588812997,2
ORACLE-CL,5456,0.00019516666117073877,0.00019169500696294837,0.0004508983725005414,0.00013800366957540932,0.0001355488393431464,0.00013800366957536663,1.0648293033475507,2.460101520362954,8.11695576985534,1085617.0,198.9767228739003,0.0,0.005306175422592955,0.005322969965053424,0.00018328445747800586,0.0,0.0,0.0,0.0,0.0,0.0,0.0,0.0,0.0,0.37236375855327464,0.0,0.0,0.6274529569892473,0.0,0.0,S-DIAB__L1_K2_black,E2.4,L1_K2_black,0.12751037588812997,2
ORACLE-CL,8859,8.007176927490178e-05,2.1484327195180634e-05,0.0001381514739531606,5.661929103593036e-05,1.5191713448985658e-05,5.6619291035887706e-05,0.709355804006355,1.22388390775105,5.466524594870306,1762814.0,198.98566429619595,0.0,0.004325049404730988,0.004339734788212512,0.00011287955751213455,0.0,0.0,0.0,0.0,0.0,0.0,0.0,0.0,0.0,0.37184219437859806,0.0,0.0,0.6280449260638898,0.0,0.0,S-DIAB__L1_K2_black,E2.4,L1_K2_black,0.12751037588812997,2
ORACLE-CL,14384,7.510596112122825e-05,6.750835857463388e-05,0.00013896052914668733,5.3107934416396416e-05,4.773561813493855e-05,5.310793441635369e-05,1.0803241447677472,1.9988082512459504,4.685814019754874,2862289.0,198.9911707452725,0.0,0.0035142943191080835,0.0035127980147851615,6.952169076751947e-05,0.0,0.0,0.0,0.0,0.0,0.0,0.0,0.0,0.0,0.37209920745272523,0.0,0.0,0.6278312708565073,0.0,0.0,S-DIAB__L1_K2_black,E2.4,L1_K2_black,0.12751037588812997,2
ORACLE-CL,23357,2.4969018439773814e-05,7.815123003860021e-06,5.273261696159582e-05,1.7655762258378734e-05,5.526126471879355e-06,1.7655762258336013e-05,0.5832013636977968,1.2316757343719937,5.47431642149123,4647916.0,198.99456265787558,0.0,0.002469045913491937,0.00246676715139296,4.2813717515091834e-05,0.0,0.0,0.0,0.0,0.0,0.0,0.0,0.0,0.0,0.37223851522027657,0.0,0.0,0.6277186710622084,0.0,0.0,S-DIAB__L1_K2_black,E2.4,L1_K2_black,0.12751037588812997,2
ORACLE-CL,37927,1.707449631400153e-05,1.8799866755309294e-06,3.916776483813618e-05,1.2073492129017965e-05,1.3293513268509329e-06,1.2073492128975197e-05,0.6475844217011362,1.4855158170159908,7.142370066508389,7547346.0,198.99665146201914,0.0,0.002166957065804263,0.002171680704297107,2.63664407941572e-05,0.0,0.0,0.0,0.0,0.0,0.0,0.0,0.0,0.0,0.3731745634156845,0.0,0.0,0.6267990701435213,0.0,0.0,S-DIAB__L1_K2_black,E2.4,L1_K2_black,0.12751037588812997,2
ORACLE-CL,61585,1.8598836830954362e-05,8.386337372942912e-06,3.7540870952888616e-05,1.3151363645392718e-05,5.930036025769327e-06,1.3151363645349947e-05,1.1454093662343245,2.3119545376336457,6.554595224752745,12255288.0,198.99793780953155,0.0,0.0017379888099360251,0.001739402363543543,1.623772022408054e-05,0.0,0.0,0.0,0.0,0.0,0.0,0.0,0.0,0.0,0.3734495683472707,0.0,0.0,0.6265341939325052,0.0,0.0,S-DIAB__L1_K2_black,E2.4,L1_K2_black,0.12751037588812997,2
ORACLE-CL,100000,9.1970040970647e-06,5.939507084093758e-06,2.0081642707823607e-05,6.503263963677692e-06,4.199865736110856e-06,6.503263963634912e-06,0.9197004097064703,2.008164270782361,4.8365913955284245,19899873.0,198.99873,0.0,0.0013891814948131308,0.0013882764044624747,1e-05,0.0,0.0,0.0,0.0,0.0,0.0,0.0,0.0,0.0,0.37331058333333333,0.0,0.0,0.6266794166666667,0.0,0.0,S-DIAB__L1_K2_black,E2.4,L1_K2_black,0.12751037588812997,2
N2-UNIFORM,10,0.14117649930744947,0.0780563860144552,0.21947774225176467,0.0998268600044755,0.055194199865736114,0.09982686000447547,1.4117649930744947,2.194777422517647,3.4620768269747333,1736.0,173.6,0.0,0.00942686534134113,0.1408622704627381,0.1,0.1,0.1,0.1,0.1,0.1,0.1,0.1,0.1,0.1,0.0,0.0,0.0,0.0,0.0,0.0,S-DIAB__L1_K2_black,E2.4,L1_K2_black,0.12751037588812997,2
N2-UNIFORM,16,0.10579227725199303,0.13108939460344624,0.21947774225176475,0.07480643664205164,0.09269419986573607,0.07480643664205161,1.6926764360318884,3.511643876028236,3.5594239358372404,2930.0,183.125,0.0,0.021484686997946423,0.10185341796903619,0.0625,0.0625,0.0625,0.0625,0.0625,0.0625,0.0625,0.0625,0.0625,0.0625,0.0625,0.0625,0.0625,0.0625,0.0625,0.0625,S-DIAB__L1_K2_black,E2.4,L1_K2_black,0.12751037588812997,2
N2-UNIFORM,26,0.07759666194591194,0.05629925428563836,0.16508491292972263,0.05486912585939449,0.03980958448112072,0.054869125859394456,2.0175132105937106,4.292207736172789,7.021500762811973,4666.0,179.46153846153845,0.0,0.009595628405912746,0.07808173533186853,0.07692307692307693,0.07692307692307693,0.07692307692307693,0.07692307692307693,0.07692307692307693,0.07692307692307693,0.07692307692307693,0.07692307692307693,0.07692307692307693,0.07692307692307693,0.038461538461538464,0.038461538461538464,0.038461538461538464,0.038461538461538464,0.038461538461538464,0.038461538461538464,S-DIAB__L1_K2_black,E2.4,L1_K2_black,0.12751037588812997,2
N2-UNIFORM,43,0.06261650131045772,0.05503430476652109,0.12081167976061867,0.04427655269080102,0.038915130098294226,0.04427655269080099,2.6925095563496817,5.194902229706603,10.361446956397444,7795.0,181.27906976744185,0.0,0.018769091966012792,0.05948831931612224,0.06976744186046512,0.06976744186046512,0.06976744186046512,0.06976744186046512,0.06976744186046512,0.06976744186046512,0.06976744186046512,0.06976744186046512,0.06976744186046512,0.06976744186046512,0.06976744186046512,0.046511627906976744,0.046511627906976744,0.046511627906976744,0.046511627906976744,0.046511627906976744,S-DIAB__L1_K2_black,E2.4,L1_K2_black,0.12751037588812997,2
N2-UNIFORM,70,0.05053803816237699,0.04040610178208845,0.10377107200494258,0.03573578949248132,0.02857142857142861,0.03573578949248129,3.5376626713663892,7.26397504034598,15.36344195762354,12660.0,180.85714285714286,0.0,0.019825708295508948,0.04666522329558392,0.07142857142857142,0.07142857142857142,0.07142857142857142,0.07142857142857142,0.07142857142857142,0.07142857142857142,0.05714285714285714,0.05714285714285714,0.05714285714285714,0.05714285714285714,0.05714285714285714,0.05714285714285714,0.05714285714285714,0.05714285714285714,0.05714285714285714,0.05714285714285714,S-DIAB__L1_K2_black,E2.4,L1_K2_black,0.12751037588812997,2
N2-UNIFORM,113,0.0407241133539782,0.03175027821993805,0.08181093529509191,0.028796296710407652,0.022450837033877756,0.028796296710407624,4.601824808999536,9.244635688345387,14.79699487199723,20582.0,182.141592920354,0.0,0.021496349454905025,0.03713708940368698,0.07079646017699115,0.061946902654867256,0.061946902654867256,0.061946902654867256,0.061946902654867256,0.061946902654867256,0.061946902654867256,0.061946902654867256,0.061946902654867256,0.061946902654867256,0.061946902654867256,0.061946902654867256,0.061946902654867256,0.061946902654867256,0.061946902654867256,0.061946902654867256,S-DIAB__L1_K2_black,E2.4,L1_K2_black,0.12751037588812997,2
N2-UNIFORM,183,0.03457181526611364,0.03400711112086709,0.06645614740836908,0.02444596501259758,0.02404665888212959,0.02444596501259756,6.326642193698797,12.161474975731542,17.537009834103458,33369.0,182.34426229508196,0.0,0.02042570615094103,0.02856214761671928,0.06557377049180328,0.06557377049180328,0.06557377049180328,0.06557377049180328,0.06557377049180328,0.06557377049180328,0.06557377049180328,0.060109289617486336,0.060109289617486336,0.060109289617486336,0.060109289617486336,0.060109289617486336,0.060109289617486336,0.060109289617486336,0.060109289617486336,0.060109289617486336,S-DIAB__L1_K2_black,E2.4,L1_K2_black,0.12751037588812997,2
N2-UNIFORM,298,0.029594632720227724,0.026101257023664524,0.05812451701456613,0.02092656548319832,0.01845637583892619,0.020926565483198305,8.819200550627862,17.321106070340704,28.634814569325478,54476.0,182.80536912751677,0.0,0.02044738658387637,0.0220230734614244,0.06375838926174497,0.06375838926174497,0.06375838926174497,0.06375838926174497,0.06375838926174497,0.06375838926174497,0.06375838926174497,0.06375838926174497,0.06375838926174497,0.06375838926174497,0.06040268456375839,0.06040268456375839,0.06040268456375839,0.06040268456375839,0.06040268456375839,0.06040268456375839,S-DIAB__L1_K2_black,E2.4,L1_K2_black,0.12751037588812997,2
N2-UNIFORM,483,0.02556177545001705,0.023423827120051307,0.047019815080387516,0.01807490475987488,0.016563146997929646,0.01807490475987487,12.346337542358235,22.71057068382717,42.36813920081318,88243.0,182.6977225672878,0.0,0.021491165383484372,0.016181683746772705,0.06418219461697723,0.06418219461697723,0.06418219461697723,0.062111801242236024,0.062111801242236024,0.062111801242236024,0.062111801242236024,0.062111801242236024,0.062111801242236024,0.062111801242236024,0.062111801242236024,0.062111801242236024,0.062111801242236024,0.062111801242236024,0.062111801242236024,0.062111801242236024,S-DIAB__L1_K2_black,E2.4,L1_K2_black,0.12751037588812997,2
N2-UNIFORM,785,0.021950182786044103,0.02012786767896329,0.04112469425821532,0.01552112309629602,0.01423255172662048,0.015521123096296009,17.23089348704462,32.28288499269903,53.496088428294065,143642.0,182.98343949044585,0.0,0.02148636579748314,0.012739735338013581,0.06369426751592357,0.062420382165605096,0.062420382165605096,0.062420382165605096,0.062420382165605096,0.062420382165605096,0.062420382165605096,0.062420382165605096,0.062420382165605096,0.062420382165605096,0.062420382165605096,0.062420382165605096,0.062420382165605096,0.062420382165605096,0.062420382165605096,0.062420382165605096,S-DIAB__L1_K2_black,E2.4,L1_K2_black,0.12751037588812997,2
N2-UNIFORM,1274,0.021577771424177754,0.020222377694488182,0.038538330425379165,0.015257788496929403,0.014299380399488177,0.015257788496929396,27.490080794402456,49.09783296193306,67.48260927278172,233206.0,183.0502354788069,0.0,0.021242053149129286,0.010777022823973574,0.06279434850863422,0.06279434850863422,0.06279434850863422,0.06279434850863422,0.06279434850863422,0.06279434850863422,0.06279434850863422,0.06279434850863422,0.06279434850863422,0.06279434850863422,0.06200941915227629,0.06200941915227629,0.06200941915227629,0.06200941915227629,0.06200941915227629,0.06200941915227629,S-DIAB__L1_K2_black,E2.4,L1_K2_black,0.12751037588812997,2
N2-UNIFORM,2069,0.02252805035634389,0.02193897012715148,0.03560947338836839,0.01592973717388279,0.015513194549157911,0.015929737173882783,46.610536187275514,73.6760004405342,107.61712593748683,378711.0,183.04059932334462,0.0,0.02147426023985168,0.007617658646866234,0.06283228612856452,0.06283228612856452,0.06283228612856452,0.06283228612856452,0.06283228612856452,0.06234896085065249,0.06234896085065249,0.06234896085065249,0.06234896085065249,0.06234896085065249,0.06234896085065249,0.06234896085065249,0.06234896085065249,0.06234896085065249,0.06234896085065249,0.06234896085065249,S-DIAB__L1_K2_black,E2.4,L1_K2_black,0.12751037588812997,2
N2-UNIFORM,3360,0.021905232938980265,0.021235305383391603,0.03348340498608582,0.015489338754623874,0.015015628437163402,0.015489338754623872,73.6015826749737,112.50424075324835,147.71815845633657,615300.0,183.125,0.0,0.02148468699794604,0.006409452976761463,0.0625,0.0625,0.0625,0.0625,0.0625,0.0625,0.0625,0.0625,0.0625,0.0625,0.0625,0.0625,0.0625,0.0625,0.0625,0.0625,S-DIAB__L1_K2_black,E2.4,L1_K2_black,0.12751037588812997,2
N2-UNIFORM,5456,0.021757415019687917,0.021705574346580082,0.030285205745874188,0.015384815701511366,0.015348158810015541,0.015384815701511366,118.70845634741727,165.23608254948957,213.17792231395487,999130.0,183.125,0.0,0.021484686997946832,0.005195111678183103,0.0625,0.0625,0.0625,0.0625,0.0625,0.0625,0.0625,0.0625,0.0625,0.0625,0.0625,0.0625,0.0625,0.0625,0.0625,0.0625,S-DIAB__L1_K2_black,E2.4,L1_K2_black,0.12751037588812997,2
N2-UNIFORM,8859,0.02186059311521172,0.022646799435864957,0.028393688277209887,0.015457773632526161,0.01601370545327179,0.015457773632526161,193.66299440766065,251.53968444780236,342.04935243971977,1622225.0,183.11604018512247,0.0,0.021471505985827456,0.004094022637356094,0.06253527486172254,0.06253527486172254,0.06253527486172254,0.06253527486172254,0.06253527486172254,0.06253527486172254,0.06253527486172254,0.06253527486172254,0.06253527486172254,0.06253527486172254,0.06253527486172254,0.062422395304210405,0.062422395304210405,0.062422395304210405,0.062422395304210405,0.062422395304210405,S-DIAB__L1_K2_black,E2.4,L1_K2_black,0.12751037588812997,2
N2-UNIFORM,14384,0.022046784294151918,0.021759202629111477,0.027677977410459235,0.015589430677751894,0.015386079732256879,0.015589430677751894,317.12094528708127,398.1200270720456,436.0209505435317,2634070.0,183.125,0.0,0.021484686997946516,0.0033429676009525122,0.0625,0.0625,0.0625,0.0625,0.0625,0.0625,0.0625,0.0625,0.0625,0.0625,0.0625,0.0625,0.0625,0.0625,0.0625,0.0625,S-DIAB__L1_K2_black,E2.4,L1_K2_black,0.12751037588812997,2
N2-UNIFORM,23357,0.021863037681514475,0.021819645134538976,0.025985329644159828,0.0154595022019359,0.01542881903771657,0.0154595022019359,510.6549711271336,606.939344498641,671.5689042989786,4277203.0,183.12296099670334,0.0,0.021482578497136435,0.00251616400232125,0.06250802757203408,0.06250802757203408,0.06250802757203408,0.06250802757203408,0.06250802757203408,0.06250802757203408,0.06250802757203408,0.06250802757203408,0.06250802757203408,0.06250802757203408,0.06250802757203408,0.06250802757203408,0.06250802757203408,0.06246521385451899,0.06246521385451899,0.06246521385451899,S-DIAB__L1_K2_black,E2.4,L1_K2_black,0.12751037588812997,2
N2-UNIFORM,37927,0.02159896109844465,0.0217033668772997,0.024734863241918037,0.015272771859294654,0.015346597893518122,0.015272771859294654,819.1837975807102,938.1191581762254,1022.5477078498357,6945239.0,183.12123289477154,0.0,0.021479577353230302,0.001965071147092335,0.06251483112294672,0.06251483112294672,0.06251483112294672,0.06251483112294672,0.06251483112294672,0.06251483112294672,0.06251483112294672,0.06248846468215256,0.06248846468215256,0.06248846468215256,0.06248846468215256,0.06248846468215256,0.06248846468215256,0.06248846468215256,0.06248846468215256,0.06248846468215256,S-DIAB__L1_K2_black,E2.4,L1_K2_black,0.12751037588812997,2
N2-UNIFORM,61585,0.02150793667315743,0.021680737794485518,0.023667089554574094,0.015208407870920452,0.01533059671560818,0.015208407870920452,1324.5662800164002,1457.5377102184457,1607.4443478300498,11277642.0,183.1231955833401,0.0,0.021484708396945013,0.0016264951204226173,0.06251522286271008,0.062498985142485995,0.062498985142485995,0.062498985142485995,0.062498985142485995,0.062498985142485995,0.062498985142485995,0.062498985142485995,0.062498985142485995,0.062498985142485995,0.062498985142485995,0.062498985142485995,0.062498985142485995,0.062498985142485995,0.062498985142485995,0.062498985142485995,S-DIAB__L1_K2_black,E2.4,L1_K2_black,0.12751037588812997,2
N2-UNIFORM,100000,0.02149208616019879,0.0214312749770178,0.023602092795259315,0.01519719986572211,0.015154199865722858,0.01519719986572211,2149.208616019879,2360.2092795259314,2522.136732417556,18312500.0,183.125,0.0,0.0214846869979571,0.001195664958293573,0.0625,0.0625,0.0625,0.0625,0.0625,0.0625,0.0625,0.0625,0.0625,0.0625,0.0625,0.0625,0.0625,0.0625,0.0625,0.0625,S-DIAB__L1_K2_black,E2.4,L1_K2_black,0.12751037588812997,2
ALG2(beta=0.3),10,0.21466158003616254,0.21185116032533535,0.3157075196115305,0.1676802466875173,0.15519419986573615,0.1676802466875173,2.146615800361625,3.1570751961153047,4.363848204724466,1736.0,173.6,10.0,0.01942314602080358,0.2132054191577587,0.1,0.1,0.1,0.1,0.1,0.1,0.1,0.1,0.1,0.1,0.0,0.0,0.0,0.0,0.0,0.0,S-DIAB__L2_K3_eth,E2.4,L2_K3_eth,0.08222582373433156,3
ALG2(beta=0.3),16,0.15496953898923013,0.1556894946251985,0.2662724506532114,0.12114266651765888,0.12203559669234115,0.1211426665176589,2.479512623827682,4.260359210451383,5.766456226745093,2930.0,183.125,16.0,0.03517654097729683,0.15150783867388576,0.0625,0.0625,0.0625,0.0625,0.0625,0.0625,0.0625,0.0625,0.0625,0.0625,0.0625,0.0625,0.0625,0.0625,0.0625,0.0625,S-DIAB__L2_K3_eth,E2.4,L2_K3_eth,0.08222582373433156,3
ALG2(beta=0.3),26,0.10314063517519093,0.09587641730878971,0.1891461223658468,0.07970841813399583,0.07827112294265927,0.07970841813399582,2.6816565145549642,4.917799181512017,8.885021567648915,4676.583333333333,179.86858974358972,26.0,0.0561808325459213,0.12231285210703284,0.07435897435897436,0.07628205128205129,0.07243589743589743,0.06506410256410257,0.06410256410256411,0.06153846153846154,0.0592948717948718,0.06057692307692308,0.0592948717948718,0.05897435897435898,0.08012820512820513,0.05448717948717949,0.05512820512820513,0.056410256410256404,0.051923076923076926,0.05,S-DIAB__L2_K3_eth,E2.4,L2_K3_eth,0.08222582373433156,3
ALG2(beta=0.3),43,0.07513163927196653,0.07359569548485047,0.11606243257393863,0.0588304015292078,0.05410812571565914,0.05883040152920781,3.2306604886945607,4.990684600679361,8.747292850446428,7806.641666666666,181.54980620155038,43.0,0.05864215318734949,0.09803526424869347,0.0684108527131783,0.06899224806201551,0.06531007751937984,0.06065891472868217,0.06414728682170542,0.05775193798449613,0.06259689922480621,0.06162790697674418,0.05988372093023256,0.06162790697674418,0.07228682170542636,0.05891472868217054,0.0687984496124031,0.05813953488372093,0.048062015503875975,0.06279069767441861,S-DIAB__L2_K3_eth,E2.4,L2_K3_eth,0.08222582373433156,3
ALG2(beta=0.3),70,0.048321982337990524,0.04788324774989372,0.09640775960771628,0.037559542976697606,0.03810702526376972,0.03755954297669758,3.382538763659336,6.748543172540139,8.92776044343726,12736.2,181.9457142857143,70.0,0.05283174930408293,0.06912873138355499,0.06702380952380953,0.06726190476190476,0.07119047619047619,0.0569047619047619,0.06273809523809523,0.05797619047619048,0.05869047619047619,0.059404761904761905,0.05964285714285714,0.061309523809523814,0.06642857142857143,0.059404761904761905,0.07285714285714286,0.05726190476190477,0.046547619047619046,0.07535714285714286,S-DIAB__L2_K3_eth,E2.4,L2_K3_eth,0.08222582373433156,3
ALG2(beta=0.3),113,0.03688262265157114,0.02922409456487394,0.07153851709566936,0.029072113361060255,0.022450837033877794,0.029072113361060234,4.167736359627539,8.083852431810637,11.687569108689173,20638.091666666667,182.63797935103244,113.0,0.04305848149154977,0.05490608277280614,0.0642330383480826,0.06460176991150442,0.0705014749262537,0.054941002949852505,0.06312684365781711,0.05789085545722714,0.05744837758112094,0.05752212389380531,0.061283185840707965,0.0609882005899705,0.06238938053097345,0.06135693215339233,0.0769174041297935,0.06054572271386431,0.04292035398230088,0.08333333333333333,S-DIAB__L2_K3_eth,E2.4,L2_K3_eth,0.08222582373433156,3
ALG2(beta=0.3),183,0.024335637433948367,0.017690168974573706,0.050995445342023694,0.019147016517491018,0.013117697133495766,0.019147016517491,4.453421650412551,9.332166497590336,16.53893064438811,33558.441666666666,183.3794626593807,183.0,0.03713531821038526,0.04240209704341707,0.0645719489981785,0.058424408014571945,0.07099271402550092,0.05214025500910747,0.058287795992714025,0.06252276867030965,0.056967213114754105,0.05765027322404372,0.05983606557377049,0.06170309653916211,0.05801457194899818,0.057058287795992715,0.08656648451730418,0.06693989071038252,0.04084699453551913,0.08747723132969035,S-DIAB__L2_K3_eth,E2.4,L2_K3_eth,0.08222582373433156,3
ALG2(beta=0.3),298,0.019071683172434437,0.013666431099882227,0.0423376809260518,0.015068557472525678,0.010898897852313379,0.015068557472525652,5.683361585385463,12.616628915963435,22.506966518070417,54827.36666666667,183.984451901566,298.0,0.028472121887994462,0.03131415088622213,0.06339485458612976,0.05483780760626398,0.07214765100671142,0.0532158836689038,0.05802572706935123,0.06686241610738256,0.06093400447427293,0.05892058165548099,0.05514541387024609,0.0572986577181208,0.05458612975391498,0.05441834451901566,0.0926454138702461,0.0770413870246085,0.036996644295302014,0.08352908277404922,S-DIAB__L2_K3_eth,E2.4,L2_K3_eth,0.08222582373433156,3
ALG2(beta=0.3),483,0.011628540251612236,0.008732761079782145,0.026452367447562457,0.009124441791012213,0.006222967292755266,0.009124441791012199,5.616584941528711,12.776493477172666,19.75440736263447,89541.575,185.38628364389234,483.0,0.02387207026360683,0.02583780956707029,0.05686680469289165,0.05032781228433402,0.0705831608005521,0.047860593512767426,0.05664251207729469,0.073567977915804,0.06468253968253969,0.060144927536231886,0.052657004830917876,0.053226363008971704,0.05113871635610766,0.048533471359558315,0.09818840579710145,0.09623878536922015,0.03291925465838509,0.0864216701173223,S-DIAB__L2_K3_eth,E2.4,L2_K3_eth,0.08222582373433156,3
ALG2(beta=0.3),785,0.007029102206652438,0.004815362659338943,0.016104929632610288,0.0055644882924461595,0.0036018431778381214,0.005564488292446124,5.517845232222165,12.642369761599076,23.244207493639344,146378.85,186.46987261146498,785.0,0.01953357269894105,0.020894994449290053,0.052420382165605094,0.046242038216560505,0.06963906581740976,0.0430891719745223,0.05234607218683652,0.07903397027600849,0.06694267515923566,0.057218683651804665,0.0489171974522293,0.0483864118895966,0.048970276008492575,0.04240976645435244,0.10337579617834396,0.1248832271762208,0.027813163481953288,0.08831210191082803,S-DIAB__L2_K3_eth,E2.4,L2_K3_eth,0.08222582373433156,3
ALG2(beta=0.3),1274,0.003119655694244113,0.0026123759418887585,0.005811520258885366,0.0024504622249354882,0.0020990385345536653,0.002450462224935455,3.974441354467,7.403876809819957,17.96009058135191,238826.80833333332,187.4621729461015,1274.0,0.014333541769209883,0.014465116282036061,0.04782182103610675,0.043027210884353746,0.06637885923600209,0.03736917844060701,0.05111198325484039,0.08275117739403454,0.06872056514913658,0.0548600209314495,0.045545525902668756,0.04693877551020408,0.049260858189429615,0.03489010989010989,0.11081240188383046,0.14426347462061748,0.02379644165358451,0.0924515960230246,S-DIAB__L2_K3_eth,E2.4,L2_K3_eth,0.08222582373433156,3
ALG2(beta=0.3),2069,0.0014048736210446622,0.0011455312572513723,0.0031542427595682046,0.001085827953530672,0.0009198648998510455,0.0010858279535306597,2.906683521941406,6.526128269546616,11.638882313048164,391034.23333333334,188.9967294989528,2069.0,0.012020519644651546,0.012143367866013605,0.0426494280650878,0.0361164813919768,0.06513613661994523,0.031585306911551474,0.043881907523763496,0.08290639600451104,0.06697680038666022,0.049701949411954244,0.040454325761237316,0.044570646044788144,0.052791203479942,0.029317705816014176,0.11924440148219752,0.1697599484453037,0.02235379410343161,0.10255356855163525,S-DIAB__L2_K3_eth,E2.4,L2_K3_eth,0.08222582373433156,3
ALG2(beta=0.3),3360,0.0008832678797870183,0.0007654340967342723,0.0017934791161404106,0.0006863855543472098,0.0006070252637697136,0.0006863855543471763,2.9677800760843818,6.02608983023178,11.67264709151893,639469.1583333333,190.31820188492063,3360.0,0.010293301661185849,0.01027970908289398,0.03733382936507936,0.031026785714285715,0.06537450396825396,0.026835317460317462,0.03868055555555556,0.08261160714285715,0.0601860119047619,0.04247023809523809,0.03297371031746032,0.03899057539682539,0.05605902777777778,0.024203869047619047,0.13165922619047618,0.1982986111111111,0.020947420634920638,0.11234871031746033,S-DIAB__L2_K3_eth,E2.4,L2_K3_eth,0.08222582373433156,3
ALG2(beta=0.3),5456,0.0004410497723423562,0.0003486664354486643,0.000885661368699589,0.00034294839389293464,0.0002749266862170082,0.000342948393892949,2.406367557899895,4.832168427624957,9.874530714396169,1044769.5666666667,191.4900232160313,5456.0,0.007811055062291111,0.007838172598011537,0.033183651026392966,0.025950024437927665,0.06242210410557184,0.02254857038123167,0.03299731182795699,0.08103158602150538,0.05623014418377322,0.0353036412512219,0.027278836754643206,0.030493951612903226,0.059993585043988266,0.01990621945259042,0.14921493157380256,0.22725439882697948,0.019312072336265883,0.11687897116324536,S-DIAB__L2_K3_eth,E2.4,L2_K3_eth,0.08222582373433156,3
ALG2(beta=0.3),8859,0.0002843319325801319,0.00026113069836160557,0.0005473982474593715,0.00022198338410997764,0.00021056740157543436,0.0002219833841099367,2.5188965907273886,4.849401074242572,12.690127347913453,1707231.3916666666,192.71152406215901,8859.0,0.0063521340920460355,0.00634595613072574,0.028587688602927343,0.020927869962749746,0.06008202581179215,0.01649076268954359,0.02696880761560748,0.08003630959099974,0.05059073635098017,0.026674380103096664,0.022033148963389395,0.024669827294277007,0.06474677352598111,0.01537701772209053,0.16674003837904958,0.2522274899349061,0.01851036610603153,0.12533675734657787,S-DIAB__L2_K3_eth,E2.4,L2_K3_eth,0.08222582373433156,3
ALG2(beta=0.3),14384,0.00016228704961509383,0.00013148206982067006,0.0003280831364616546,0.00012369608272868945,9.455108611199524e-05,0.00012369608272870772,2.334336921663509,4.71914783486444,9.7531568216991,2791360.558333333,194.06010555710046,14384.0,0.005048562619403418,0.005049793169765399,0.022483314794215795,0.016413491842788282,0.05666133667037449,0.01176422877271042,0.022329208379681127,0.07757983407489803,0.04246616611049314,0.019616703744901744,0.017371732480533926,0.018485238227660364,0.06953501575824991,0.011422993140526512,0.18128823692992213,0.2781232619577308,0.01802291898405636,0.13643631813125695,S-DIAB__L2_K3_eth,E2.4,L2_K3_eth,0.08222582373433156,3
ALG2(beta=0.3),23357,8.612285521189e-05,7.051889270282921e-05,0.00015984218157699968,6.765902819780802e-05,5.663963449980529e-05,6.765902819778503e-05,2.011571529184115,3.7334338350939813,9.497443231270228,4560692.4,195.26019608682623,23357.0,0.0039277697921390525,0.003921035627660211,0.01732599791639908,0.012121276990481085,0.05098864009361933,0.008355453754049464,0.017379515063292945,0.07400493784875341,0.03556678226370396,0.014233777168871573,0.012717458006878738,0.012856245807823494,0.07383903469338242,0.0086130496210986,0.19560517189707582,0.30219348946068986,0.017502604501148836,0.1466965649127314,S-DIAB__L2_K3_eth,E2.4,L2_K3_eth,0.08222582373433156,3
ALG2(beta=0.3),37927,4.2129784396246127e-05,4.103648554236011e-05,7.818625959405932e-05,3.282153590109219e-05,3.180207880007262e-05,3.2821535901100754e-05,1.5978563327964268,2.9653702676238876,5.257505120498453,7442815.475,196.24055356342447,37927.0,0.002837374922801534,0.002838544307316419,0.012850563802392315,0.008877360895052777,0.04477988416343678,0.005727230381170846,0.01276069818335223,0.06970100456139426,0.028507395786642763,0.010044295620534183,0.009204524481240277,0.008779365623434492,0.07762060449459927,0.006289275010766296,0.20822215484131798,0.3248037897364235,0.01661173658167884,0.15522011583656323,S-DIAB__L2_K3_eth,E2.4,L2_K3_eth,0.08222582373433156,3
ALG2(beta=0.3),61585,3.2852053185763156e-05,3.399333502275116e-05,5.660353432358235e-05,2.5885663405537302e-05,2.6222677055662397e-05,2.5885663405499968e-05,2.0231936954452236,3.485928661317819,8.12649934962852,12131309.541666666,196.98481028930203,61585.0,0.0022724323085807183,0.002271008647142665,0.009571324186084274,0.0062963113312224294,0.038171091445427734,0.003948472301155585,0.009333982842142298,0.06535114069984574,0.021567210630294174,0.006955968715325701,0.006414846688858218,0.006184000433005872,0.08089483369868204,0.004602581797515629,0.22099618413574734,0.34333725744905413,0.015796866119996752,0.16057792752564207,S-DIAB__L2_K3_eth,E2.4,L2_K3_eth,0.08222582373433156,3
ALG2(beta=0.3),100000,1.8679514559096177e-05,1.752066621307438e-05,3.525301809803221e-05,1.4691356162273533e-05,1.419986573617582e-05,1.4691356162282998e-05,1.8679514559096178,3.525301809803221,7.916450224380038,19761408.075,197.61408075,100000.0,0.0017809638257074941,0.0017792884877741116,0.0065376666666666665,0.004375083333333333,0.03153275,0.0026410833333333334,0.006753583333333334,0.060949916666666666,0.01552125,0.004586166666666666,0.004370666666666667,0.0041420833333333336,0.08376008333333333,0.0032485,0.23301258333333336,0.36012591666666666,0.014858083333333334,0.16358458333333334,S-DIAB__L2_K3_eth,E2.4,L2_K3_eth,0.08222582373433156,3
ORACLE-CL,10,0.11836041921903608,0.07226365162959426,0.1953663089134327,0.09275429965786415,0.05519419986573613,0.09275429965786412,1.1836041921903608,1.9536630891343272,3.032077749985568,1863.0,186.3,0.0,0.11599657390743129,0.16378533963992523,0.1,0.0,0.0,0.0,0.0,0.0,0.0,0.0,0.0,0.0,0.17916666666666667,0.0,0.2558333333333333,0.2533333333333333,0.0,0.21166666666666667,S-DIAB__L2_K3_eth,E2.4,L2_K3_eth,0.08222582373433156,3
ORACLE-CL,16,0.07931295787888985,0.04494408033226574,0.15572369199802602,0.061809966547460425,0.03315860317339493,0.061809966547460474,1.2690073260622377,2.4915790719684163,3.2030952828610513,3057.0,191.0625,0.0,0.0910293708696271,0.12157766874824032,0.0625,0.0,0.0,0.0,0.0,0.0005208333333333333,0.0,0.0,0.0,0.0,0.15625,0.0,0.290625,0.2708333333333333,0.0,0.21927083333333333,S-DIAB__L2_K3_eth,E2.4,L2_K3_eth,0.08222582373433156,3
ORACLE-CL,26,0.054444146785917816,0.05504216859330999,0.1105108246025489,0.04093094686770461,0.03980958448112077,0.040930946867704626,1.4155478164338633,2.8732814396662714,5.128613632917264,5047.0,194.1153846153846,0.0,0.07734360891776484,0.09611103969952935,0.038461538461538464,0.0,0.0,0.0,0.0,0.015384615384615385,0.0,0.0,0.0,0.0,0.1455128205128205,0.0,0.31474358974358974,0.27211538461538465,0.0009615384615384616,0.2128205128205128,S-DIAB__L2_K3_eth,E2.4,L2_K3_eth,0.08222582373433156,3
ORACLE-CL,43,0.03453836150555037,0.024701923703169183,0.05822910187015688,0.0269906022568316,0.01883792227373647,0.02699060225683163,1.4851495447386658,2.503851380416746,5.294196789034963,8430.0,196.04651162790697,0.0,0.06370324880919916,0.07422159488806894,0.023255813953488372,0.0,0.0,0.0,0.0,0.01802325581395349,0.0,0.0,0.0,0.0,0.13236434108527131,0.0,0.30348837209302326,0.31569767441860463,0.0017441860465116279,0.2054263565891473,S-DIAB__L2_K3_eth,E2.4,L2_K3_eth,0.08222582373433156,3
ORACLE-CL,70,0.02625052189696648,0.015842309169303674,0.04099171856885187,0.020347974417168735,0.012337057008593305,0.02034797441716869,1.8375365327876536,2.869420299819631,7.191127605306011,13803.0,197.18571428571428,0.0,0.053863315394654075,0.05945960184328682,0.014285714285714285,0.0,0.0,0.0,0.0,0.016785714285714286,0.0,0.0,0.0,0.0,0.1255952380952381,0.0,0.29154761904761906,0.3442857142857143,0.0036904761904761906,0.20380952380952383,S-DIAB__L2_K3_eth,E2.4,L2_K3_eth,0.08222582373433156,3
ORACLE-CL,113,0.017052075421958964,0.016141825205814454,0.032009065891548075,0.01323209460408325,0.013011406377904256,0.0132320946040832,1.926884522681363,3.6170244457449323,6.3746062024384775,22360.0,197.87610619469027,0.0,0.047677577804715224,0.05307394540927909,0.008849557522123894,0.0,0.0,0.0,0.0,0.01998525073746313,0.0,0.0,0.0,0.0,0.11533923303834809,0.0,0.28724188790560473,0.3746312684365782,0.004056047197640118,0.1898967551622419,S-DIAB__L2_K3_eth,E2.4,L2_K3_eth,0.08222582373433156,3
ORACLE-CL,183,0.009053327683533193,0.009983501150178388,0.01607150593871885,0.0070956500832413515,0.007653216259178763,0.007095650083241313,1.656758966086574,2.941085586785549,7.979816270191943,36290.0,198.30601092896174,0.0,0.040097856916935994,0.0412670634197529,0.00546448087431694,0.0,0.0,0.0,0.0,0.022131147540983605,0.0,0.0,0.0,0.0,0.10901639344262294,0.0,0.285200364298725,0.382695810564663,0.006238615664845173,0.18925318761384335,S-DIAB__L2_K3_eth,E2.4,L2_K3_eth,0.08222582373433156,3
ORACLE-CL,298,0.006172080054288522,0.005440097741662532,0.01065285429157617,0.0047018689308855515,0.004187488456340185,0.004701868930885507,1.83927985617798,3.1745505788896984,7.653857978856768,59175.0,198.5738255033557,0.0,0.030657670511767786,0.03110712320110432,0.003355704697986577,0.0,0.0,0.0,0.0,0.02262304250559284,0.0,0.0,0.0,0.0,0.10763422818791947,0.0,0.27919463087248325,0.39555369127516776,0.00511744966442953,0.1865212527964206,S-DIAB__L2_K3_eth,E2.4,L2_K3_eth,0.08222582373433156,3
ORACLE-CL,483,0.003772354497163947,0.0030067820685295865,0.007667086753868614,0.0028667103527684587,0.0021674837831268043,0.002866710352768443,1.8220472221301864,3.703202902118541,6.118700432280131,95990.0,198.73706004140786,0.0,0.024159389515306825,0.024405053761696674,0.002070393374741201,0.0,0.0,0.0,0.0,0.023378191856452724,0.0,0.0,0.0,0.0,0.10434782608695652,0.0,0.2793478260869565,0.403743961352657,0.005089717046238786,0.18202208419599725,S-DIAB__L2_K3_eth,E2.4,L2_K3_eth,0.08222582373433156,3
ORACLE-CL,785,0.002473984101458813,0.0020782715705216,0.004717693252794675,0.0019500238260683196,0.0016929914069330485,0.0019500238260682877,1.942077519645168,3.7033892034438196,5.933086183648644,156088.0,198.83821656050955,0.0,0.020481726678714077,0.02053870038975842,0.0012738853503184713,0.0,0.0,0.0,0.0,0.02397027600849257,0.0,0.0,0.0,0.0,0.1016348195329087,0.0,0.2770276008492569,0.4140764331210191,0.004861995753715499,0.17715498938428875,S-DIAB__L2_K3_eth,E2.4,L2_K3_eth,0.08222582373433156,3
ORACLE-CL,1274,0.0014367984610533589,0.0006897700303793613,0.0026123759418887316,0.0011379055751312406,0.0005631166632244146,0.001137905575131204,1.8304812393819796,3.3281669499662443,8.704508246975927,253399.0,198.90031397174255,0.0,0.01411543913909766,0.013988779054280623,0.0007849293563579278,0.0,0.0,0.0,0.0,0.023534798534798534,0.0,0.0,0.0,0.0,0.10130167451596023,0.0,0.2792647828362114,0.41164965986394564,0.005180533751962323,0.178283621140764,S-DIAB__L2_K3_eth,E2.4,L2_K3_eth,0.08222582373433156,3
ORACLE-CL,2069,0.0007913143043870328,0.0006994694712200622,0.0013794930477735758,0.0006062361844015369,0.0005301109338850331,0.0006062361844015301,1.637229295776771,2.854171115843528,6.540564811167913,411604.0,198.93861768970518,0.0,0.011059943323185212,0.01105394016969854,0.0004833252779120348,0.0,0.0,0.0,0.0,0.024395843402609956,0.0,0.0,0.0,0.0,0.10114789753504108,0.0,0.27771467697760593,0.4147011438698244,0.005171580473658772,0.17638553246334784,S-DIAB__L2_K3_eth,E2.4,L2_K3_eth,0.08222582373433156,3
ORACLE-CL,3360,0.0006264835731302389,0.0005456307745212493,0.0012653580796338742,0.0004883430400813592,0.00043229510383140985,0.000488343040081324,2.1049848057176024,4.251603147569817,8.07890082828773,668513.0,198.9622023809524,0.0,0.009234118956617365,0.009270062578828588,0.00029761904761904765,0.0,0.0,0.0,0.0,0.02414186507936508,0.0,0.0,0.0,0.0,0.10033978174603174,0.0,0.2769940476190476,0.4163169642857143,0.005292658730158731,0.17661706349206346,S-DIAB__L2_K3_eth,E2.4,L2_K3_eth,0.08222582373433156,3
ORACLE-CL,5456,0.00032358400144971467,0.0002038567398006722,0.0006262433212138236,0.0002513685698167182,0.00015143246946723485,0.00025136856981674096,1.7654743119096434,3.416783560542622,8.955477098767657,1085617.0,198.9767228739003,0.0,0.0072349768846845155,0.0072321914556448446,0.00018328445747800586,0.0,0.0,0.0,0.0,0.024515823558162265,0.0,0.0,0.0,0.0,0.09917827468230694,0.0,0.2768832478005865,0.42169629765395894,0.005086143695014663,0.17245692815249267,S-DIAB__L2_K3_eth,E2.4,L2_K3_eth,0.08222582373433156,3
ORACLE-CL,8859,0.00024439590431426,0.00016158565876902225,0.00041415545330480557,0.00018928493080295594,0.00012807127096097208,0.00018928493080291233,2.165103316320029,3.6690031608272724,8.923390832428437,1762814.0,198.98566429619595,0.0,0.0059681823361160645,0.005962838763670898,0.00011287955751213455,0.0,0.0,0.0,0.0,0.0245795236482673,0.0,0.0,0.0,0.0,0.09924182563871016,0.0,0.2766038303796516,0.422277721337999,0.005131316551905784,0.172052902885954,S-DIAB__L2_K3_eth,E2.4,L2_K3_eth,0.08222582373433156,3
ORACLE-CL,14384,0.00013879075074647138,0.00011556989383306918,0.0002904726289309685,0.00010642377079386047,9.13077634002449e-05,0.00010642377079387741,1.996366158737245,4.17815829454305,9.012072855855168,2862289.0,198.9911707452725,0.0,0.004591229862071178,0.004594117690147962,6.952169076751947e-05,0.0,0.0,0.0,0.0,0.024672089358546534,0.0,0.0,0.0,0.0,0.09900526047460141,0.0,0.276192876344086,0.42356437708565076,0.005066393214682981,0.17142948183166482,S-DIAB__L2_K3_eth,E2.4,L2_K3_eth,0.08222582373433156,3
ORACLE-CL,23357,8.025698543523517e-05,7.051889270281527e-05,0.00017470180463466153,6.29633379982213e-05,5.663963449979357e-05,6.296333799819286e-05,1.8745624088107884,4.080510050851789,6.535591865245732,4647916.0,198.99456265787558,0.0,0.0035371319451740447,0.003536917014086688,4.2813717515091834e-05,0.0,0.0,0.0,0.0,0.024698876853477186,0.0,0.0,0.0,0.0,0.09891859685176464,0.0,0.27628655221132853,0.42276904853648445,0.005111244309343381,0.17217286752008676,S-DIAB__L2_K3_eth,E2.4,L2_K3_eth,0.08222582373433156,3
ORACLE-CL,37927,4.5558155287542326e-05,4.103648554236634e-05,9.901258741894523e-05,3.555838592128194e-05,3.180207880007563e-05,3.555838592128765e-05,1.727884155590618,3.7552504030383353,6.197129612664867,7547346.0,198.99665146201914,0.0,0.002645303441465733,0.002643984721765126,2.63664407941572e-05,0.0,0.0,0.0,0.0,0.024657455990015908,0.0,0.0,0.0,0.0,0.098777036587831,0.0,0.2765132139812447,0.4229867025250261,0.005045438166301931,0.17199378630878617,S-DIAB__L2_K3_eth,E2.4,L2_K3_eth,0.08222582373433156,3
ORACLE-CL,61585,2.9120849516104816e-05,2.6024322594696155e-05,5.283966244724626e-05,2.3075314286647348e-05,2.1230198639816508e-05,2.307531428661214e-05,1.793407517449315,3.254130611813661,8.12649934962816,12255288.0,198.99793780953155,0.0,0.002074933847952634,0.0020768419671268706,1.623772022408054e-05,0.0,0.0,0.0,0.0,0.024648588671483857,0.0,0.0,0.0,0.0,0.09853819923682716,0.0,0.27649481746096183,0.42373237530784014,0.005047224702985034,0.17152255689967796,S-DIAB__L2_K3_eth,E2.4,L2_K3_eth,0.08222582373433156,3
ORACLE-CL,100000,1.825954439565685e-05,1.7520666213069346e-05,3.592171877834894e-05,1.4382998621706881e-05,1.4199865736172088e-05,1.4382998621721135e-05,1.825954439565685,3.5921718778348937,6.8345352833692585,19899873.0,198.99873,0.0,0.0016694490111453107,0.001667929293650398,1e-05,0.0,0.0,0.0,0.0,0.024678000000000002,0.0,0.0,0.0,0.0,0.09850791666666667,0.0,0.2765600833333334,0.42417241666666666,0.00503175,0.17103983333333334,S-DIAB__L2_K3_eth,E2.4,L2_K3_eth,0.08222582373433156,3
N2-UNIFORM,10,0.21466158003616254,0.21185116032533535,0.3157075196115305,0.1676802466875173,0.15519419986573615,0.1676802466875173,2.146615800361625,3.1570751961153047,4.363848204724466,1736.0,173.6,0.0,0.01942314602080358,0.2132054191577587,0.1,0.1,0.1,0.1,0.1,0.1,0.1,0.1,0.1,0.1,0.0,0.0,0.0,0.0,0.0,0.0,S-DIAB__L2_K3_eth,E2.4,L2_K3_eth,0.08222582373433156,3
N2-UNIFORM,16,0.15496953898923013,0.1556894946251985,0.2662724506532114,0.12114266651765888,0.12203559669234115,0.1211426665176589,2.479512623827682,4.260359210451383,5.766456226745093,2930.0,183.125,0.0,0.03517654097729683,0.15150783867388576,0.0625,0.0625,0.0625,0.0625,0.0625,0.0625,0.0625,0.0625,0.0625,0.0625,0.0625,0.0625,0.0625,0.0625,0.0625,0.0625,S-DIAB__L2_K3_eth,E2.4,L2_K3_eth,0.08222582373433156,3
N2-UNIFORM,26,0.12172297532113972,0.10993178268127426,0.199901795649535,0.09309567166431763,0.07876636592311036,0.09309567166431765,3.1647973583496327,5.19744668688791,9.32197739213905,4666.0,179.46153846153845,0.0,0.014263354509486155,0.12091072040071958,0.07692307692307693,0.07692307692307693,0.07692307692307693,0.07692307692307693,0.07692307692307693,0.07692307692307693,0.07692307692307693,0.07692307692307693,0.07692307692307693,0.07692307692307693,0.038461538461538464,0.038461538461538464,0.038461538461538464,0.038461538461538464,0.038461538461538464,0.038461538461538464,S-DIAB__L2_K3_eth,E2.4,L2_K3_eth,0.08222582373433156,3
N2-UNIFORM,43,0.10252763475233158,0.09275603754648074,0.14836756918736188,0.08015588786170184,0.07294604798939575,0.08015588786170186,4.408688294350257,6.3798054750565605,16.15763945088181,7795.0,181.27906976744185,0.0,0.043492578051413086,0.09498746010435984,0.06976744186046512,0.06976744186046512,0.06976744186046512,0.06976744186046512,0.06976744186046512,0.06976744186046512,0.06976744186046512,0.06976744186046512,0.06976744186046512,0.06976744186046512,0.06976744186046512,0.046511627906976744,0.046511627906976744,0.046511627906976744,0.046511627906976744,0.046511627906976744,S-DIAB__L2_K3_eth,E2.4,L2_K3_eth,0.08222582373433156,3
N2-UNIFORM,70,0.07399393583935983,0.0674565892940492,0.12753943490624658,0.0577786009168491,0.05239273954948404,0.05777860091684912,5.179575508755189,8.927760443437261,15.528686588450359,12660.0,180.85714285714286,0.0,0.030398924391054346,0.06918380121577741,0.07142857142857142,0.07142857142857142,0.07142857142857142,0.07142857142857142,0.07142857142857142,0.07142857142857142,0.05714285714285714,0.05714285714285714,0.05714285714285714,0.05714285714285714,0.05714285714285714,0.05714285714285714,0.05714285714285714,0.05714285714285714,0.05714285714285714,0.05714285714285714,S-DIAB__L2_K3_eth,E2.4,L2_K3_eth,0.08222582373433156,3
N2-UNIFORM,113,0.06167544223099944,0.057844045694631946,0.10566639745643597,0.04831290734299364,0.044773647421182616,0.048312907342993656,6.969324972102936,11.940302912577264,22.214999689282706,20582.0,182.141592920354,0.0,0.034303327220038274,0.05299202224805411,0.07079646017699115,0.061946902654867256,0.061946902654867256,0.061946902654867256,0.061946902654867256,0.061946902654867256,0.061946902654867256,0.061946902654867256,0.061946902654867256,0.061946902654867256,0.061946902654867256,0.061946902654867256,0.061946902654867256,0.061946902654867256,0.061946902654867256,0.061946902654867256,S-DIAB__L2_K3_eth,E2.4,L2_K3_eth,0.08222582373433156,3
N2-UNIFORM,183,0.0519675264714009,0.048375373735041215,0.08832251846476932,0.0405588221050791,0.03794942572122181,0.04055882210507911,9.510057344266363,16.163020879052784,25.94368611404705,33369.0,182.34426229508196,0.0,0.032905463898790795,0.043578949802633264,0.06557377049180328,0.06557377049180328,0.06557377049180328,0.06557377049180328,0.06557377049180328,0.06557377049180328,0.06557377049180328,0.060109289617486336,0.060109289617486336,0.060109289617486336,0.060109289617486336,0.060109289617486336,0.060109289617486336,0.060109289617486336,0.060109289617486336,0.060109289617486336,S-DIAB__L2_K3_eth,E2.4,L2_K3_eth,0.08222582373433156,3
N2-UNIFORM,298,0.04269029605525821,0.03866424509821484,0.06969546997927686,0.03323788518407085,0.030596214880278465,0.0332378851840709,12.721708224466946,20.769250053824507,32.69473476017846,54476.0,182.80536912751677,0.0,0.03334940214435599,0.030862725870237098,0.06375838926174497,0.06375838926174497,0.06375838926174497,0.06375838926174497,0.06375838926174497,0.06375838926174497,0.06375838926174497,0.06375838926174497,0.06375838926174497,0.06375838926174497,0.06040268456375839,0.06040268456375839,0.06040268456375839,0.06040268456375839,0.06040268456375839,0.06040268456375839,S-DIAB__L2_K3_eth,E2.4,L2_K3_eth,0.08222582373433156,3
N2-UNIFORM,483,0.04091920689297573,0.03938216970152845,0.06657522822954923,0.031889858453275924,0.03097059738126418,0.03188985845327594,19.763976929307276,32.15583523487228,43.17399881689879,88243.0,182.6977225672878,0.0,0.0345082633287453,0.02642757674587286,0.06418219461697723,0.06418219461697723,0.06418219461697723,0.062111801242236024,0.062111801242236024,0.062111801242236024,0.062111801242236024,0.062111801242236024,0.062111801242236024,0.062111801242236024,0.062111801242236024,0.062111801242236024,0.062111801242236024,0.062111801242236024,0.062111801242236024,0.062111801242236024,S-DIAB__L2_K3_eth,E2.4,L2_K3_eth,0.08222582373433156,3
N2-UNIFORM,785,0.040698826969281975,0.040165512023876464,0.059142147930306276,0.03179824516982018,0.03119164764775552,0.03179824516982021,31.948579170886344,46.42658612529043,59.22292213489066,143642.0,182.98343949044585,0.0,0.035050279406360234,0.021682138846891012,0.06369426751592357,0.062420382165605096,0.062420382165605096,0.062420382165605096,0.062420382165605096,0.062420382165605096,0.062420382165605096,0.062420382165605096,0.062420382165605096,0.062420382165605096,0.062420382165605096,0.062420382165605096,0.062420382165605096,0.062420382165605096,0.062420382165605096,0.062420382165605096,S-DIAB__L2_K3_eth,E2.4,L2_K3_eth,0.08222582373433156,3
N2-UNIFORM,1274,0.03720875612857668,0.03770040110647997,0.051228288376046635,0.02907589221719998,0.02931581647256114,0.029075892217199917,47.4039553078067,65.26483939108341,82.70179983997821,233206.0,183.0502354788069,0.0,0.03474913930636052,0.015577693665018825,0.06279434850863422,0.06279434850863422,0.06279434850863422,0.06279434850863422,0.06279434850863422,0.06279434850863422,0.06279434850863422,0.06279434850863422,0.06279434850863422,0.06279434850863422,0.06200941915227629,0.06200941915227629,0.06200941915227629,0.06200941915227629,0.06200941915227629,0.06200941915227629,S-DIAB__L2_K3_eth,E2.4,L2_K3_eth,0.08222582373433156,3
N2-UNIFORM,2069,0.035604379547786356,0.03624384004853494,0.04526173877192325,0.02810365191321347,0.02824028494753747,0.028103651913213092,73.66546128436995,93.64653751910922,126.15188687836748,378711.0,183.04059932334462,0.0,0.03496446556148337,0.011587831071885771,0.06283228612856452,0.06283228612856452,0.06283228612856452,0.06283228612856452,0.06283228612856452,0.06234896085065249,0.06234896085065249,0.06234896085065249,0.06234896085065249,0.06234896085065249,0.06234896085065249,0.06234896085065249,0.06234896085065249,0.06234896085065249,0.06234896085065249,0.06234896085065249,S-DIAB__L2_K3_eth,E2.4,L2_K3_eth,0.08222582373433156,3
N2-UNIFORM,3360,0.035642572103420304,0.035774756095043186,0.04558936900861673,0.028308510184375076,0.02798797764472289,0.028308510184374178,119.7590422674922,153.1802798689522,174.96121318606046,615300.0,183.125,0.0,0.035176540977296784,0.009873870117096306,0.0625,0.0625,0.0625,0.0625,0.0625,0.0625,0.0625,0.0625,0.0625,0.0625,0.0625,0.0625,0.0625,0.0625,0.0625,0.0625,S-DIAB__L2_K3_eth,E2.4,L2_K3_eth,0.08222582373433156,3
N2-UNIFORM,5456,0.035501934242092664,0.035287471798838815,0.04238487438568557,0.028481100113651812,0.02801067000612493,0.02848110011365052,193.69855322485756,231.25187464830046,296.62773361327885,999130.0,183.125,0.0,0.03517654097729667,0.0075951362628751,0.0625,0.0625,0.0625,0.0625,0.0625,0.0625,0.0625,0.0625,0.0625,0.0625,0.0625,0.0625,0.0625,0.0625,0.0625,0.0625,S-DIAB__L2_K3_eth,E2.4,L2_K3_eth,0.08222582373433156,3
N2-UNIFORM,8859,0.035180958749641486,0.03428996228037118,0.041854208116712116,0.028361084896428242,0.027731781363298118,0.02836108489642728,311.668113563074,370.7864297059526,424.1695727592811,1622225.0,183.11604018512247,0.0,0.0352137250850071,0.006584722034169265,0.06253527486172254,0.06253527486172254,0.06253527486172254,0.06253527486172254,0.06253527486172254,0.06253527486172254,0.06253527486172254,0.06253527486172254,0.06253527486172254,0.06253527486172254,0.06253527486172254,0.062422395304210405,0.062422395304210405,0.062422395304210405,0.062422395304210405,0.062422395304210405,S-DIAB__L2_K3_eth,E2.4,L2_K3_eth,0.08222582373433156,3
N2-UNIFORM,14384,0.034807881341236815,0.03499441243063617,0.03965749235603311,0.02818015546134463,0.02828559669234204,0.028180155461344527,500.6765652123503,570.4333700491802,624.6946162955932,2634070.0,183.125,0.0,0.03517654097729734,0.005322788066508945,0.0625,0.0625,0.0625,0.0625,0.0625,0.0625,0.0625,0.0625,0.0625,0.0625,0.0625,0.0625,0.0625,0.0625,0.0625,0.0625,S-DIAB__L2_K3_eth,E2.4,L2_K3_eth,0.08222582373433156,3
N2-UNIFORM,23357,0.034722567345549654,0.03484160837169875,0.038004146001157584,0.02821379452024687,0.028420727488235695,0.028213794520252206,811.0150054900033,887.6628381490376,981.7023368479059,4277203.0,183.12296099670334,0.0,0.0351802772355702,0.0038176986232954066,0.06250802757203408,0.06250802757203408,0.06250802757203408,0.06250802757203408,0.06250802757203408,0.06250802757203408,0.06250802757203408,0.06250802757203408,0.06250802757203408,0.06250802757203408,0.06250802757203408,0.06250802757203408,0.06250802757203408,0.06246521385451899,0.06246521385451899,0.06246521385451899,S-DIAB__L2_K3_eth,E2.4,L2_K3_eth,0.08222582373433156,3
N2-UNIFORM,37927,0.03501983302085884,0.03505406635487626,0.03791473279609268,0.02850097755554976,0.02842978816540748,0.0285009775555619,1328.1972069821131,1437.9920707574067,1500.5842055242813,6945239.0,183.12123289477154,0.0,0.03516557466191695,0.003036211869268109,0.06251483112294672,0.06251483112294672,0.06251483112294672,0.06251483112294672,0.06251483112294672,0.06251483112294672,0.06251483112294672,0.06248846468215256,0.06248846468215256,0.06248846468215256,0.06248846468215256,0.06248846468215256,0.06248846468215256,0.06248846468215256,0.06248846468215256,0.06248846468215256,S-DIAB__L2_K3_eth,E2.4,L2_K3_eth,0.08222582373433156,3
N2-UNIFORM,61585,0.03508847171957439,0.035085369337671035,0.03724466948694724,0.028585825373528512,0.028606799095484112,0.028585825373537353,2160.9235308499888,2293.7129703536457,2435.9674541037216,11277642.0,183.1231955833401,0.0,0.03517493040789404,0.0023891348191301693,0.06251522286271008,0.062498985142485995,0.062498985142485995,0.062498985142485995,0.062498985142485995,0.062498985142485995,0.062498985142485995,0.062498985142485995,0.062498985142485995,0.062498985142485995,0.062498985142485995,0.062498985142485995,0.062498985142485995,0.062498985142485995,0.062498985142485995,0.062498985142485995,S-DIAB__L2_K3_eth,E2.4,L2_K3_eth,0.08222582373433156,3
N2-UNIFORM,100000,0.03508632778065921,0.0351167226132588,0.03674185263878729,0.028605096692359843,0.028615596692358837,0.028605096692333153,3508.6327780659212,3674.185263878729,3810.894910085859,18312500.0,183.125,0.0,0.03517654097731244,0.0018122857678582196,0.0625,0.0625,0.0625,0.0625,0.0625,0.0625,0.0625,0.0625,0.0625,0.0625,0.0625,0.0625,0.0625,0.0625,0.0625,0.0625,S-DIAB__L2_K3_eth,E2.4,L2_K3_eth,0.08222582373433156,3
ALG2(beta=0.3),10,0.22056379566024292,0.21010080100215967,0.4060931009895362,0.17074805933806433,0.17073809245463456,0.17074805933806433,2.2056379566024296,4.060931009895362,5.500694811836175,1736.0,173.6,10.0,0.07001457733068349,0.2130226452765776,0.1,0.1,0.1,0.1,0.1,0.1,0.1,0.1,0.1,0.1,0.0,0.0,0.0,0.0,0.0,0.0,S-DIAB__L3_K3_age,E2.4,L3_K3_age,0.04693070847683893,3
ALG2(beta=0.3),16,0.1718453345545603,0.14685302242048434,0.31600844856268573,0.13474869543969578,0.1122756811428359,0.13474869543969578,2.749525352872965,5.056135177002972,8.054819600998874,2930.0,183.125,16.0,0.03615045503191276,0.16638072901123252,0.0625,0.0625,0.0625,0.0625,0.0625,0.0625,0.0625,0.0625,0.0625,0.0625,0.0625,0.0625,0.0625,0.0625,0.0625,0.0625,S-DIAB__L3_K3_age,E2.4,L3_K3_age,0.04693070847683893,3
ALG2(beta=0.3),26,0.11852738967454425,0.11342788630309619,0.22631900470029778,0.09278049450954425,0.09008102111398586,0.09278049450954425,3.08171213153815,5.884294122207742,7.300267589567619,4711.508333333333,181.21185897435896,26.0,0.037252789138283456,0.12960878096538012,0.0685897435897436,0.07147435897435897,0.06538461538461539,0.05961538461538462,0.06314102564102564,0.07275641025641025,0.05897435897435898,0.06346153846153846,0.05961538461538462,0.06217948717948718,0.06826923076923076,0.058333333333333334,0.05897435897435898,0.058333333333333334,0.05512820512820513,0.055769230769230765,S-DIAB__L3_K3_age,E2.4,L3_K3_age,0.04693070847683893,3
ALG2(beta=0.3),43,0.08242209561647466,0.08018318999522286,0.14684225303967927,0.06466164550576915,0.06414562847559796,0.06466164550576915,3.5441501115084098,6.3142168807062085,10.284866988290336,7767.483333333334,180.63914728682172,43.0,0.03975839325434382,0.09610972251094915,0.07344961240310077,0.07112403100775193,0.060852713178294576,0.056201550387596895,0.05910852713178294,0.08255813953488372,0.05813953488372093,0.05872093023255814,0.05775193798449613,0.06317829457364342,0.07034883720930232,0.05717054263565892,0.059302325581395345,0.05891472868217054,0.05503875968992248,0.05813953488372093,S-DIAB__L3_K3_age,E2.4,L3_K3_age,0.04693070847683893,3
ALG2(beta=0.3),70,0.06355478990099764,0.05979191650786335,0.12323394124377801,0.04939703524226797,0.04332330297391558,0.04939703524226798,4.448835293069835,8.62637588706446,15.35063781000097,12638.833333333334,180.5547619047619,70.0,0.03672271849962727,0.07578045521243688,0.07250000000000001,0.07273809523809524,0.05630952380952381,0.06059523809523809,0.05904761904761905,0.08011904761904762,0.057023809523809525,0.055714285714285716,0.052142857142857144,0.06607142857142857,0.06988095238095238,0.06035714285714285,0.05714285714285714,0.05904761904761905,0.0575,0.06380952380952382,S-DIAB__L3_K3_age,E2.4,L3_K3_age,0.04693070847683893,3
ALG2(beta=0.3),113,0.04931659837920329,0.04485330602438631,0.08610120422953593,0.03855848160253529,0.03368668630642738,0.03855848160253529,5.572775616849971,9.72943607793756,20.5028302864527,20458.175,181.04579646017697,113.0,0.03163610012231994,0.05882466751358003,0.07315634218289087,0.06821533923303835,0.052949852507374634,0.06976401179941004,0.05457227138643068,0.08510324483775812,0.05154867256637168,0.053466076696165196,0.0525811209439528,0.06474926253687316,0.07927728613569322,0.06327433628318585,0.056784660766961655,0.05914454277286136,0.05508849557522123,0.060324483775811205,S-DIAB__L3_K3_age,E2.4,L3_K3_age,0.04693070847683893,3
ALG2(beta=0.3),183,0.03333271302334618,0.028788085454455367,0.06331566173881613,0.025862493516315935,0.023026659726452514,0.025862493516315938,6.099886483272351,11.586766098203352,21.577194112811767,33166.85833333333,181.2396630236794,183.0,0.0290350619980297,0.04770754770157217,0.07336065573770492,0.06648451730418943,0.049408014571948995,0.07153916211293261,0.05104735883424408,0.09576502732240437,0.052413479052823314,0.051684881602914394,0.052322404371584696,0.06407103825136612,0.08110200364298725,0.062431693989071044,0.055282331511839714,0.05806010928961749,0.056466302367941715,0.05856102003642987,S-DIAB__L3_K3_age,E2.4,L3_K3_age,0.04693070847683893,3
ALG2(beta=0.3),298,0.0212989968515039,0.017652012065418513,0.041838382163337025,0.016565560636721356,0.013601347077462914,0.01656556063672136,6.347101061748162,12.467837884674433,25.786251756933254,53998.691666666666,181.20366331096196,298.0,0.026825983501984944,0.036085964851059665,0.07024608501118568,0.06988255033557046,0.05,0.0631152125279642,0.053439597315436245,0.09767897091722595,0.048378076062639816,0.0535234899328859,0.051593959731543626,0.061269574944071585,0.09684004474272931,0.056571588366890385,0.05318791946308725,0.05732662192393736,0.05248881431767338,0.06445749440715884,S-DIAB__L3_K3_age,E2.4,L3_K3_age,0.04693070847683893,3
ALG2(beta=0.3),483,0.015366426124449268,0.012585337382538383,0.03180962598997795,0.012020948211993029,0.009972568679514947,0.012020948211993026,7.4219838181089965,15.36404935315935,23.500642478651713,87098.94166666667,180.329071773637,483.0,0.02129727712889374,0.0277769504550192,0.07436162870945479,0.0726535541752933,0.045669427191166324,0.06181849551414769,0.054365079365079366,0.10336438923395444,0.04608350586611456,0.056211180124223596,0.04679089026915114,0.05659075224292615,0.09777432712215321,0.05981711525189786,0.049620427881297446,0.054071773636991026,0.05519323671497585,0.06561421670117322,S-DIAB__L3_K3_age,E2.4,L3_K3_age,0.04693070847683893,3
ALG2(beta=0.3),785,0.011544227941312794,0.009143921389884443,0.02384043763722525,0.008934266474493116,0.006744595057628186,0.008934266474493111,9.062218933930543,18.714743545221822,28.42977826732366,142238.65,181.19573248407642,785.0,0.01868480795185427,0.023044176796076513,0.06985138004246284,0.07033970276008493,0.04501061571125266,0.06774946921443736,0.05374734607218684,0.10483014861995754,0.04410828025477707,0.05253715498938429,0.046475583864118895,0.05604033970276009,0.10526539278131636,0.06853503184713375,0.04648619957537155,0.05240976645435244,0.0551592356687898,0.06145435244161359,S-DIAB__L3_K3_age,E2.4,L3_K3_age,0.04693070847683893,3
ALG2(beta=0.3),1274,0.007675656489477291,0.005202792738089472,0.018059834715921597,0.005889190959729057,0.004034407461850662,0.005889190959729051,9.77878636759407,23.008229428084118,50.162469946233806,232022.78333333333,182.12149398220825,1274.0,0.01550601210105595,0.018543876108794762,0.06609105180533752,0.06681057038199895,0.045225013082155936,0.06966248037676609,0.05340136054421769,0.10519361590790163,0.045159602302459446,0.04874411302982732,0.044322344322344324,0.05344714809000523,0.11771323914181057,0.0793171114599686,0.04544086865515437,0.0510858189429618,0.05119701726844583,0.05718864468864469,S-DIAB__L3_K3_age,E2.4,L3_K3_age,0.04693070847683893,3
ALG2(beta=0.3),2069,0.0048928869415313814,0.0025683534584352583,0.013156583755308336,0.0037181383023704934,0.0018263755417539127,0.003718138302370494,10.123383082028427,27.220971789732946,54.297915439156085,380348.24166666664,183.83191960689544,2069.0,0.013168437080564076,0.014835610636820573,0.05887707427098437,0.060556629611728696,0.04351941356532947,0.06757290156275174,0.05532060576768165,0.11501127758981795,0.044816336394393426,0.045070082165297246,0.03939906557112937,0.05149025294022877,0.13269695505074916,0.08873449331400032,0.0426494280650878,0.04589576284839697,0.049710004833252774,0.05867971644917029,S-DIAB__L3_K3_age,E2.4,L3_K3_age,0.04693070847683893,3
ALG2(beta=0.3),3360,0.002663662239515599,0.0015898979124182627,0.007137686396607158,0.0020526095772873303,0.0011904761904762123,0.002052609577287336,8.949905124772412,23.982626292600052,48.944660185975145,621487.0166666667,184.96637400793654,3360.0,0.011546905319200978,0.012384322758305125,0.0538219246031746,0.05667906746031746,0.0449156746031746,0.06379464285714286,0.05776041666666666,0.12015873015873016,0.04493055555555556,0.042291666666666665,0.038216765873015875,0.045084325396825393,0.14972222222222223,0.09889384920634921,0.041542658730158735,0.0438343253968254,0.04546130952380952,0.05289186507936508,S-DIAB__L3_K3_age,E2.4,L3_K3_age,0.04693070847683893,3
ALG2(beta=0.3),5456,0.001155499653496121,0.0007249225179335257,0.0026485867285341424,0.0008852638253136468,0.0005918408876147758,0.0008852638253136515,6.3044061094748365,14.45068919088228,45.47556428389771,1016099.3166666667,186.23521199902248,5456.0,0.009145356335823852,0.009353042289710832,0.04904692082111437,0.051463220918866084,0.045585899315738025,0.05485092864125122,0.06462457233626588,0.13383889296187684,0.04442815249266862,0.03836449169110459,0.03421768084066471,0.04217222629521017,0.1684934017595308,0.11087182306940371,0.03857221407624633,0.03928396871945259,0.03788795210166178,0.04629765395894428,S-DIAB__L3_K3_age,E2.4,L3_K3_age,0.04693070847683893,3
ALG2(beta=0.3),8859,0.00066532028656715,0.0004542072716485978,0.0013324818044116516,0.0005056857112334047,0.00033863867253649226,0.0005056857112334102,5.89407241869838,11.804456305282821,37.51524545762597,1664802.8083333333,187.92220434962562,8859.0,0.007075016187992846,0.007155161462754022,0.043349512736576744,0.04387722466794597,0.04719870564774053,0.04442374985890055,0.07650317944086993,0.15374007600556872,0.04352823870263762,0.03458159310682169,0.02955374948263536,0.03822948414042217,0.19352917936561687,0.11706362644391767,0.03330041012905896,0.03276987620875193,0.03165707190427813,0.03669432215825714,S-DIAB__L3_K3_age,E2.4,L3_K3_age,0.04693070847683893,3
ALG2(beta=0.3),14384,0.00029786959985299744,0.0002505239216084331,0.0006078324329005157,0.0002261432416015987,0.00019999135783427372,0.00022614324160159563,4.284556324285516,8.743061714841017,19.018072558294943,2727150.4166666665,189.59610794401186,14384.0,0.006010683404889863,0.005987611056824706,0.03791365406006674,0.03613274008157212,0.0477376483129403,0.03657709955506118,0.08863552094920282,0.17569463756025214,0.04147142658509455,0.03546996662958843,0.025318061735261403,0.03300078791249537,0.21552071746384874,0.1178236234705228,0.026422877271041898,0.026931544308490915,0.025895671116054876,0.02945402298850575,S-DIAB__L3_K3_age,E2.4,L3_K3_age,0.04693070847683893,3
ALG2(beta=0.3),23357,0.00015219711165936065,0.00012279543385923874,0.00032711453212476085,0.00011574522424248131,9.97970197507122e-05,0.0001157452242424775,3.5548679370276863,7.6404141268380386,21.307946014708186,4466785.425,191.23968938647943,23357.0,0.004492445599229343,0.004499539931158892,0.03291447246364402,0.028190335516832928,0.04743688544476317,0.02868055258238073,0.1006507685062294,0.19269312554409102,0.03790227055415222,0.0350465955958956,0.020756447032295816,0.029015213140957032,0.23563599777368668,0.1260282427823208,0.020784989510639208,0.020447474704228568,0.020413223730216496,0.02340340511766637,S-DIAB__L3_K3_age,E2.4,L3_K3_age,0.04693070847683893,3
ALG2(beta=0.3),37927,9.811292228006024e-05,6.89023640498464e-05,0.00021585860817279002,7.541542864750193e-05,5.516541525396245e-05,7.541542864750907e-05,3.7211288033158443,8.186869432169406,15.93129375474344,7314615.325,192.8603718986474,37927.0,0.003383632364182733,0.003373844875922416,0.027080312178659003,0.021263216178448074,0.04627090639034637,0.022564619751979677,0.11206308610400681,0.21015371634982993,0.03356360024960231,0.03487159543333246,0.016745765989049137,0.02359752507009079,0.2526917938847435,0.1349757428744694,0.01566364331478894,0.0152549634824795,0.015827994129072515,0.017411518619101608,S-DIAB__L3_K3_age,E2.4,L3_K3_age,0.04693070847683893,3
ALG2(beta=0.3),61585,5.8661357944236276e-05,3.891995453749053e-05,0.00012653407300278205,4.486629159754137e-05,2.9466214475129123e-05,4.48662915975474e-05,3.612659728995791,7.792600885876332,19.829798945045873,11960761.241666667,194.2154947092095,61585.0,0.0028417843408584964,0.0028493134170678295,0.022178560796730803,0.015494709209493654,0.04438797326188736,0.01696503477578415,0.12225298368109117,0.2251610240588888,0.029852236745960867,0.03482950393764715,0.013254174447240941,0.019269302589916378,0.2651174528429542,0.14345010960461152,0.011543936564639657,0.010980758301534464,0.012195610402966092,0.013066628778652811,S-DIAB__L3_K3_age,E2.4,L3_K3_age,0.04693070847683893,3
ALG2(beta=0.3),100000,3.3572021702663466e-05,2.3641043179244142e-05,6.911291143339524e-05,2.561883739925632e-05,1.758868820129071e-05,2.5618837399262557e-05,3.357202170266347,6.9112911433395245,15.818641047416149,19531477.75,195.3147775,100000.0,0.002226736340320201,0.002226334911807843,0.018001666666666666,0.011015833333333332,0.04299091666666666,0.011835499999999999,0.13169558333333334,0.23920366666666665,0.025502416666666666,0.03341333333333334,0.010166,0.015820416666666667,0.27626791666666667,0.15005641666666666,0.008226,0.00793225,0.008744333333333333,0.00912775,S-DIAB__L3_K3_age,E2.4,L3_K3_age,0.04693070847683893,3
ORACLE-CL,10,0.1478959716102114,0.12624118639636156,0.2812864097710537,0.11372863543955768,0.1002243188571641,0.11372863543955768,1.4789597161021135,2.812864097710537,4.4608009707628815,1863.0,186.3,0.0,0.10135688095189561,0.20066369573697138,0.1,0.0,0.0,0.0,0.2808333333333333,0.32333333333333336,0.0,0.0,0.0,0.0,0.22083333333333335,0.075,0.0,0.0,0.0,0.0,S-DIAB__L3_K3_age,E2.4,L3_K3_age,0.04693070847683893,3
ORACLE-CL,16,0.11176866981782095,0.0978816535009093,0.20745653993987465,0.08782188929183413,0.0790375886882013,0.08782188929183411,1.7882987170851352,3.3193046390379943,5.306818498896581,3057.0,191.0625,0.0,0.08786214615000784,0.16152021896483343,0.0625,0.0,0.0005208333333333333,0.0,0.27291666666666664,0.3203125,0.0,0.0,0.0,0.0,0.2625,0.08125,0.0,0.0,0.0,0.0,S-DIAB__L3_K3_age,E2.4,L3_K3_age,0.04693070847683893,3
ORACLE-CL,26,0.08285511352272522,0.0729688892536123,0.1758494167942131,0.06440050207466302,0.055577795927183316,0.06440050207466301,2.1542329515908563,4.572084836649541,5.976818393449439,5047.0,194.1153846153846,0.0,0.07579923464729212,0.13422160384844178,0.038461538461538464,0.0,0.005128205128205128,0.0,0.23974358974358975,0.35673076923076924,0.0,0.0,0.0,0.0,0.2673076923076923,0.09262820512820512,0.0,0.0,0.0,0.0,S-DIAB__L3_K3_age,E2.4,L3_K3_age,0.04693070847683893,3
ORACLE-CL,43,0.053924570219587346,0.04231562452530512,0.10751338136492247,0.04212507126857036,0.03233382067771962,0.04212507126857036,2.3187565194422555,4.623075398691666,8.211964638986991,8430.0,196.04651162790697,0.0,0.06816611037763604,0.09948269796293958,0.023255813953488372,0.0,0.006395348837209303,0.0,0.22674418604651161,0.3701550387596899,0.0,0.0,0.0,0.0,0.27868217054263567,0.09476744186046512,0.0,0.0,0.0,0.0,S-DIAB__L3_K3_age,E2.4,L3_K3_age,0.04693070847683893,3
ORACLE-CL,70,0.03734257252309419,0.035276926055851726,0.08067982959138369,0.02805608786562199,0.02879574742859266,0.02805608786562199,2.6139800766165937,5.647588071396858,8.886386493716978,13803.0,197.18571428571428,0.0,0.056877701670681076,0.07804465306558188,0.014285714285714285,0.0,0.008095238095238095,0.0,0.21666666666666665,0.34726190476190477,0.0,0.0,0.0,0.0,0.2916666666666667,0.12202380952380952,0.0,0.0,0.0,0.0,S-DIAB__L3_K3_age,E2.4,L3_K3_age,0.04693070847683893,3
ORACLE-CL,113,0.026187487474141145,0.021653444262446017,0.04901898428981669,0.02008109402178726,0.016095154674630553,0.020081094021787267,2.9591860845779494,5.539145224749286,10.52771514768754,22360.0,197.87610619469027,0.0,0.04662007889430543,0.06217576912528587,0.008849557522123894,0.0,0.011135693215339233,0.0,0.21017699115044247,0.3382005899705015,0.0,0.0,0.0,0.0,0.29410029498525075,0.13753687315634217,0.0,0.0,0.0,0.0,S-DIAB__L3_K3_age,E2.4,L3_K3_age,0.04693070847683893,3
ORACLE-CL,183,0.01790269109762459,0.014944038376150198,0.03742905227304468,0.013682332553702584,0.012097697977818756,0.013682332553702582,3.2761924708652996,6.849516565967177,17.031296162635073,36290.0,198.30601092896174,0.0,0.041503893009162844,0.05026788902972051,0.00546448087431694,0.0,0.013570127504553735,0.0,0.20537340619307834,0.3317850637522769,0.0,0.0,0.0,0.0,0.2969489981785064,0.14685792349726776,0.0,0.0,0.0,0.0,S-DIAB__L3_K3_age,E2.4,L3_K3_age,0.04693070847683893,3
ORACLE-CL,298,0.010618132358127563,0.009057415417373916,0.018462430148523935,0.008107219500291219,0.0068899376814899,0.00810721950029122,3.164203442722014,5.501804184260132,12.32559793605502,59175.0,198.5738255033557,0.0,0.033036473727442665,0.03707404385947307,0.003355704697986577,0.0,0.012639821029082773,0.0,0.208165548098434,0.33420022371364655,0.0,0.0,0.0,0.0,0.28680089485458615,0.15483780760626398,0.0,0.0,0.0,0.0,S-DIAB__L3_K3_age,E2.4,L3_K3_age,0.04693070847683893,3
ORACLE-CL,483,0.007050347348657244,0.006242921775909749,0.012746070795029676,0.0054331940045443975,0.004744625242214735,0.005433194004544398,3.4053177694014485,6.156352193999333,17.240342716637542,95990.0,198.73706004140786,0.0,0.026552577130554766,0.02881107501096421,0.002070393374741201,0.0,0.012853692201518288,0.0,0.20336438923395445,0.3302277432712215,0.0,0.0,0.0,0.0,0.29120082815734993,0.16028295376121465,0.0,0.0,0.0,0.0,S-DIAB__L3_K3_age,E2.4,L3_K3_age,0.04693070847683893,3
ORACLE-CL,785,0.004175067583959399,0.0034643466074514018,0.009143921389884437,0.003222910944871107,0.0027720895578010754,0.003222910944871108,3.277428053408128,7.177978291059282,15.650698839198503,156088.0,198.83821656050955,0.0,0.02266821728677966,0.024248949878930906,0.0012738853503184713,0.0,0.01356687898089172,0.0,0.19962845010615712,0.3200636942675159,0.0,0.0,0.0,0.0,0.29721868365180465,0.1682484076433121,0.0,0.0,0.0,0.0,S-DIAB__L3_K3_age,E2.4,L3_K3_age,0.04693070847683893,3
ORACLE-CL,1274,0.0024534308272536674,0.0018588866030381638,0.0051125022398696525,0.0018629768364541019,0.001502525726823311,0.0018629768364541027,3.1256708739211727,6.513327853593937,17.77601755315912,253399.0,198.90031397174255,0.0,0.017337562268286585,0.017848086141569016,0.0007849293563579278,0.0,0.01425300889586604,0.0,0.19527734170591313,0.31062271062271063,0.0,0.0,0.0,0.0,0.304421768707483,0.17464024071166928,0.0,0.0,0.0,0.0,S-DIAB__L3_K3_age,E2.4,L3_K3_age,0.04693070847683893,3
ORACLE-CL,2069,0.0015910692893191104,0.0010581583960098586,0.0036461569125322496,0.0011997566564566056,0.0008597249859296528,0.0011997566564566056,3.291922359601239,7.543898652029225,19.11549663563335,411604.0,198.93861768970518,0.0,0.014195446907849425,0.014387011946663015,0.0004833252779120348,0.0,0.014044627033993878,0.0,0.19348719188013533,0.30859110681488644,0.0,0.0,0.0,0.0,0.30428145642017074,0.17911229257290157,0.0,0.0,0.0,0.0,S-DIAB__L3_K3_age,E2.4,L3_K3_age,0.04693070847683893,3
ORACLE-CL,3360,0.0010639742384788086,0.0006808526665102079,0.0022784798361556668,0.000818383340420076,0.000521937904783179,0.0008183833404200769,3.5749534412887973,7.65569224948304,11.894752776434874,668513.0,198.9622023809524,0.0,0.011734382566121677,0.011741231242279482,0.00029761904761904765,0.0,0.013839285714285714,0.0,0.19409474206349206,0.30735367063492064,0.0,0.0,0.0,0.0,0.305109126984127,0.17930555555555555,0.0,0.0,0.0,0.0,S-DIAB__L3_K3_age,E2.4,L3_K3_age,0.04693070847683893,3
ORACLE-CL,5456,0.0005913619990365202,0.0004213159210407362,0.001259145257073283,0.00045682454416767597,0.0003245813997752583,0.0004568245441676746,3.226471066743254,6.869896522591831,11.297075781496593,1085617.0,198.9767228739003,0.0,0.009343177375417856,0.009421076907383225,0.00018328445747800586,0.0,0.01385935972629521,0.0,0.19462671065493647,0.3085868768328446,0.0,0.0,0.0,0.0,0.3030761241446725,0.1796676441837732,0.0,0.0,0.0,0.0,S-DIAB__L3_K3_age,E2.4,L3_K3_age,0.04693070847683893,3
ORACLE-CL,8859,0.00043171840753369694,0.0004043397364567146,0.000786545055405204,0.00033102267486824277,0.00032346985801963977,0.00033102267486824304,3.824593372341021,6.968002645834702,15.810019999980733,1762814.0,198.98566429619595,0.0,0.007399932252456539,0.007358783955579242,0.00011287955751213455,0.0,0.013944388004665688,0.0,0.19575760996350228,0.30967189675283135,0.0,0.0,0.0,0.0,0.301450502314031,0.17906272340745757,0.0,0.0,0.0,0.0,S-DIAB__L3_K3_age,E2.4,L3_K3_age,0.04693070847683893,3
ORACLE-CL,14384,0.000227433629219243,0.00018944583805065136,0.0004587765421128697,0.00017130559313732814,0.00013719393482697557,0.00017130559313732735,3.271405322689591,6.5990417817515175,11.208320288469809,2862289.0,198.9911707452725,0.0,0.005841704562178857,0.00583386406116817,6.952169076751947e-05,0.0,0.014089729328883945,0.0,0.19391105858361143,0.3076821468298109,0.0,0.0,0.0,0.0,0.30436538283277714,0.17988216073414906,0.0,0.0,0.0,0.0,S-DIAB__L3_K3_age,E2.4,L3_K3_age,0.04693070847683893,3
ORACLE-CL,23357,0.00012836106785010071,8.644688545205714e-05,0.0002977799385748154,9.723743388719289e-05,7.018947410979273e-05,9.723743388719198e-05,2.9981294617748024,6.955246025291963,13.974651398431691,4647916.0,198.99456265787558,0.0,0.0045367606012704795,0.004541526870621298,4.2813717515091834e-05,0.0,0.01418775242254285,0.0,0.19318798076236962,0.30545625151631917,0.0,0.0,0.0,0.0,0.30541914629447275,0.18170605528678055,0.0,0.0,0.0,0.0,S-DIAB__L3_K3_age,E2.4,L3_K3_age,0.04693070847683893,3
ORACLE-CL,37927,8.388768183334184e-05,6.603220124662301e-05,0.0001788696784426083,6.449838407718477e-05,5.030034792268789e-05,6.449838407718602e-05,3.1816081088931556,6.783990294292805,11.442969080091986,7547346.0,198.99665146201914,0.0,0.0033837986433490424,0.0033865155628561012,2.63664407941572e-05,0.0,0.014242272435643912,0.0,0.1926980339423981,0.3041975373744298,0.0,0.0,0.0,0.0,0.30584412160202495,0.18299166820470905,0.0,0.0,0.0,0.0,S-DIAB__L3_K3_age,E2.4,L3_K3_age,0.04693070847683893,3
ORACLE-CL,61585,5.816205908883862e-05,3.915414551667126e-05,0.00011510537958690373,4.473567616303719e-05,2.9466214475158566e-05,4.4735676163037796e-05,3.5819104089861264,7.088764801859466,19.82979894504632,12255288.0,198.99793780953155,0.0,0.0028580908607149956,0.0028651935053902447,1.623772022408054e-05,0.0,0.014212335254796893,0.0,0.19293253227246895,0.3045364130876025,0.0,0.0,0.0,0.0,0.3050002706286704,0.18330221103623717,0.0,0.0,0.0,0.0,S-DIAB__L3_K3_age,E2.4,L3_K3_age,0.04693070847683893,3
ORACLE-CL,100000,3.105915625308788e-05,2.1986972806481965e-05,6.065984532969495e-05,2.373952992493139e-05,1.7588688201280385e-05,2.373952992493308e-05,3.105915625308788,6.0659845329694955,14.447143856099014,19899873.0,198.99873,0.0,0.0022489908409058282,0.0022476800343640096,1e-05,0.0,0.014163416666666666,0.0,0.19295700000000002,0.30506616666666664,0.0,0.0,0.0,0.0,0.30506716666666667,0.18273625,0.0,0.0,0.0,0.0,S-DIAB__L3_K3_age,E2.4,L3_K3_age,0.04693070847683893,3
N2-UNIFORM,10,0.22056379566024292,0.21010080100215967,0.4060931009895362,0.17074805933806433,0.17073809245463456,0.17074805933806433,2.2056379566024296,4.060931009895362,5.500694811836175,1736.0,173.6,0.0,0.07001457733068349,0.2130226452765776,0.1,0.1,0.1,0.1,0.1,0.1,0.1,0.1,0.1,0.1,0.0,0.0,0.0,0.0,0.0,0.0,S-DIAB__L3_K3_age,E2.4,L3_K3_age,0.04693070847683893,3
N2-UNIFORM,16,0.1718453345545603,0.14685302242048434,0.31600844856268573,0.13474869543969578,0.1122756811428359,0.13474869543969578,2.749525352872965,5.056135177002972,8.054819600998874,2930.0,183.125,0.0,0.03615045503191276,0.16638072901123252,0.0625,0.0625,0.0625,0.0625,0.0625,0.0625,0.0625,0.0625,0.0625,0.0625,0.0625,0.0625,0.0625,0.0625,0.0625,0.0625,S-DIAB__L3_K3_age,E2.4,L3_K3_age,0.04693070847683893,3
N2-UNIFORM,26,0.14119826704411362,0.1303957084031745,0.23318353479732126,0.11032284306943788,0.10618498446844234,0.11032284306943788,3.6711549431469535,6.0627719047303525,9.419057320575797,4666.0,179.46153846153845,0.0,0.049103056332130385,0.12847482125070558,0.07692307692307693,0.07692307692307693,0.07692307692307693,0.07692307692307693,0.07692307692307693,0.07692307692307693,0.07692307692307693,0.07692307692307693,0.07692307692307693,0.07692307692307693,0.038461538461538464,0.038461538461538464,0.038461538461538464,0.038461538461538464,0.038461538461538464,0.038461538461538464,S-DIAB__L3_K3_age,E2.4,L3_K3_age,0.04693070847683893,3
N2-UNIFORM,43,0.11738593326756272,0.108781371302026,0.2060279185355601,0.09172418306558712,0.0874014424290863,0.09172418306558712,5.047595130505197,8.859200497029084,12.655552966091792,7795.0,181.27906976744185,0.0,0.03964527172377812,0.10878994998593619,0.06976744186046512,0.06976744186046512,0.06976744186046512,0.06976744186046512,0.06976744186046512,0.06976744186046512,0.06976744186046512,0.06976744186046512,0.06976744186046512,0.06976744186046512,0.06976744186046512,0.046511627906976744,0.046511627906976744,0.046511627906976744,0.046511627906976744,0.046511627906976744,S-DIAB__L3_K3_age,E2.4,L3_K3_age,0.04693070847683893,3
N2-UNIFORM,70,0.09023739479624739,0.08856976716127846,0.14303012559313436,0.07020965999367418,0.07108333194160299,0.0702096599936742,6.316617635737318,10.012108791519404,17.71812863546499,12660.0,180.85714285714286,0.0,0.03927750897014705,0.07926616949826179,0.07142857142857142,0.07142857142857142,0.07142857142857142,0.07142857142857142,0.07142857142857142,0.07142857142857142,0.05714285714285714,0.05714285714285714,0.05714285714285714,0.05714285714285714,0.05714285714285714,0.05714285714285714,0.05714285714285714,0.05714285714285714,0.05714285714285714,0.05714285714285714,S-DIAB__L3_K3_age,E2.4,L3_K3_age,0.04693070847683893,3
N2-UNIFORM,113,0.07359213135872333,0.07044253593527114,0.12318444415516036,0.057483168888597606,0.05309734513274337,0.057483168888597606,8.315910843535738,13.919842189533119,20.656216854826273,20582.0,182.141592920354,0.0,0.03512435614729202,0.06251805269639185,0.07079646017699115,0.061946902654867256,0.061946902654867256,0.061946902654867256,0.061946902654867256,0.061946902654867256,0.061946902654867256,0.061946902654867256,0.061946902654867256,0.061946902654867256,0.061946902654867256,0.061946902654867256,0.061946902654867256,0.061946902654867256,0.061946902654867256,0.061946902654867256,S-DIAB__L3_K3_age,E2.4,L3_K3_age,0.04693070847683893,3
N2-UNIFORM,183,0.06174740363088851,0.05915982014070646,0.10188687763383412,0.047921909767660066,0.04721885437628968,0.04792190976766008,11.299774864452596,18.645298606991645,26.96131056500359,33369.0,182.34426229508196,0.0,0.03826906446473281,0.049364216042718866,0.06557377049180328,0.06557377049180328,0.06557377049180328,0.06557377049180328,0.06557377049180328,0.06557377049180328,0.06557377049180328,0.060109289617486336,0.060109289617486336,0.060109289617486336,0.060109289617486336,0.060109289617486336,0.060109289617486336,0.060109289617486336,0.060109289617486336,0.060109289617486336,S-DIAB__L3_K3_age,E2.4,L3_K3_age,0.04693070847683893,3
N2-UNIFORM,298,0.05089293761493227,0.04660472449635568,0.0854134312739805,0.03971032627200845,0.03709127996336916,0.039710326272008475,15.166095409249817,25.45320251964619,40.27740136068825,54476.0,182.80536912751677,0.0,0.0372738202479942,0.03682425109574308,0.06375838926174497,0.06375838926174497,0.06375838926174497,0.06375838926174497,0.06375838926174497,0.06375838926174497,0.06375838926174497,0.06375838926174497,0.06375838926174497,0.06375838926174497,0.06040268456375839,0.06040268456375839,0.06040268456375839,0.06040268456375839,0.06040268456375839,0.06040268456375839,S-DIAB__L3_K3_age,E2.4,L3_K3_age,0.04693070847683893,3
N2-UNIFORM,483,0.045096417075869505,0.04034859652280802,0.0698149934551848,0.03522872353784208,0.030676502426926835,0.035228723537842115,21.781569447644973,33.72064183885426,64.02737219740246,88243.0,182.6977225672878,0.0,0.0363391269230819,0.028014003782506385,0.06418219461697723,0.06418219461697723,0.06418219461697723,0.062111801242236024,0.062111801242236024,0.062111801242236024,0.062111801242236024,0.062111801242236024,0.062111801242236024,0.062111801242236024,0.062111801242236024,0.062111801242236024,0.062111801242236024,0.062111801242236024,0.062111801242236024,0.062111801242236024,S-DIAB__L3_K3_age,E2.4,L3_K3_age,0.04693070847683893,3
N2-UNIFORM,785,0.041198408799346456,0.040308307038748645,0.06624849434661122,0.03190778020051292,0.03042363346710177,0.0319077802005129,32.34075090748697,52.005068062089805,73.59251793357649,143642.0,182.98343949044585,0.0,0.03600247725653216,0.023607971665787385,0.06369426751592357,0.062420382165605096,0.062420382165605096,0.062420382165605096,0.062420382165605096,0.062420382165605096,0.062420382165605096,0.062420382165605096,0.062420382165605096,0.062420382165605096,0.062420382165605096,0.062420382165605096,0.062420382165605096,0.062420382165605096,0.062420382165605096,0.062420382165605096,S-DIAB__L3_K3_age,E2.4,L3_K3_age,0.04693070847683893,3
N2-UNIFORM,1274,0.038583024566932966,0.03781811775817372,0.05534805218222804,0.02993389375421795,0.029228241052419498,0.029933893754217736,49.1547732982726,70.51341848015852,101.22957672819278,233206.0,183.0502354788069,0.0,0.03641306493517858,0.017785609213115897,0.06279434850863422,0.06279434850863422,0.06279434850863422,0.06279434850863422,0.06279434850863422,0.06279434850863422,0.06279434850863422,0.06279434850863422,0.06279434850863422,0.06279434850863422,0.06200941915227629,0.06200941915227629,0.06200941915227629,0.06200941915227629,0.06200941915227629,0.06200941915227629,S-DIAB__L3_K3_age,E2.4,L3_K3_age,0.04693070847683893,3
N2-UNIFORM,2069,0.038450724652613184,0.03847476501808672,0.05414617504248625,0.030156759002790266,0.02998689546223464,0.030156759002790003,79.55454930625666,112.02843616290404,158.30144087161347,378711.0,183.04059932334462,0.0,0.0363600847723114,0.014731071949303924,0.06283228612856452,0.06283228612856452,0.06283228612856452,0.06283228612856452,0.06283228612856452,0.06234896085065249,0.06234896085065249,0.06234896085065249,0.06234896085065249,0.06234896085065249,0.06234896085065249,0.06234896085065249,0.06234896085065249,0.06234896085065249,0.06234896085065249,0.06234896085065249,S-DIAB__L3_K3_age,E2.4,L3_K3_age,0.04693070847683893,3
N2-UNIFORM,3360,0.037637837791539175,0.03773951911630536,0.051291646751269106,0.029509019287246682,0.029857145640602906,0.029509019287246776,126.46313497957162,172.3399330842642,216.55982476990962,615300.0,183.125,0.0,0.036150455031912956,0.012458032571597515,0.0625,0.0625,0.0625,0.0625,0.0625,0.0625,0.0625,0.0625,0.0625,0.0625,0.0625,0.0625,0.0625,0.0625,0.0625,0.0625,S-DIAB__L3_K3_age,E2.4,L3_K3_age,0.04693070847683893,3
N2-UNIFORM,5456,0.03702723629260786,0.037212992738467,0.0462767597193823,0.029277878797031514,0.029628476460319977,0.0292778787970319,202.0206012124685,252.48600102894983,311.9056277306755,999130.0,183.125,0.0,0.03615045503191276,0.009036047911565077,0.0625,0.0625,0.0625,0.0625,0.0625,0.0625,0.0625,0.0625,0.0625,0.0625,0.0625,0.0625,0.0625,0.0625,0.0625,0.0625,S-DIAB__L3_K3_age,E2.4,L3_K3_age,0.04693070847683893,3
N2-UNIFORM,8859,0.03625106421566562,0.03663373148376853,0.04664026872804424,0.0288651479028585,0.02920546776660685,0.028865147902859132,321.1481778865817,413.18614066174393,454.96874895489947,1622225.0,183.11604018512247,0.0,0.0361672777650126,0.0076560901879359185,0.06253527486172254,0.06253527486172254,0.06253527486172254,0.06253527486172254,0.06253527486172254,0.06253527486172254,0.06253527486172254,0.06253527486172254,0.06253527486172254,0.06253527486172254,0.06253527486172254,0.062422395304210405,0.062422395304210405,0.062422395304210405,0.062422395304210405,0.062422395304210405,S-DIAB__L3_K3_age,E2.4,L3_K3_age,0.04693070847683893,3
N2-UNIFORM,14384,0.036311917787131415,0.0362451865159409,0.04386247955184324,0.029081151149377028,0.028879538246152116,0.029081151149374262,522.3106254500983,630.9179058737132,692.072928348396,2634070.0,183.125,0.0,0.03615045503191073,0.0060993946318471225,0.0625,0.0625,0.0625,0.0625,0.0625,0.0625,0.0625,0.0625,0.0625,0.0625,0.0625,0.0625,0.0625,0.0625,0.0625,0.0625,S-DIAB__L3_K3_age,E2.4,L3_K3_age,0.04693070847683893,3
N2-UNIFORM,23357,0.035984003001718425,0.035992539255624054,0.041942424575911325,0.028878367992626507,0.028812363511458203,0.028878367992626795,840.4783581111371,979.6492108195608,1100.7351959098296,4277203.0,183.12296099670334,0.0,0.036156550187297166,0.004984259575930696,0.06250802757203408,0.06250802757203408,0.06250802757203408,0.06250802757203408,0.06250802757203408,0.06250802757203408,0.06250802757203408,0.06250802757203408,0.06250802757203408,0.06250802757203408,0.06250802757203408,0.06250802757203408,0.06250802757203408,0.06246521385451899,0.06246521385451899,0.06246521385451899,S-DIAB__L3_K3_age,E2.4,L3_K3_age,0.04693070847683893,3
N2-UNIFORM,37927,0.035952692546945775,0.03587263995674465,0.03978444235004729,0.028834551484148048,0.028853227713045028,0.028834551484150223,1363.5777702280125,1508.9045450102437,1712.838965585875,6945239.0,183.12123289477154,0.0,0.03616067744668315,0.0037173481939005953,0.06251483112294672,0.06251483112294672,0.06251483112294672,0.06251483112294672,0.06251483112294672,0.06251483112294672,0.06251483112294672,0.06248846468215256,0.06248846468215256,0.06248846468215256,0.06248846468215256,0.06248846468215256,0.06248846468215256,0.06248846468215256,0.06248846468215256,0.06248846468215256,S-DIAB__L3_K3_age,E2.4,L3_K3_age,0.04693070847683893,3
N2-UNIFORM,61585,0.035811150203983406,0.03584980870639701,0.03908966814574426,0.028754884731348646,0.028734181638063162,0.028754884731349937,2205.4296853123183,2407.33721275566,2662.935792986266,11277642.0,183.1231955833401,0.0,0.03614856825797096,0.002831473232103079,0.06251522286271008,0.062498985142485995,0.062498985142485995,0.062498985142485995,0.062498985142485995,0.062498985142485995,0.062498985142485995,0.062498985142485995,0.062498985142485995,0.062498985142485995,0.062498985142485995,0.062498985142485995,0.062498985142485995,0.062498985142485995,0.062498985142485995,0.062498985142485995,S-DIAB__L3_K3_age,E2.4,L3_K3_age,0.04693070847683893,3
N2-UNIFORM,100000,0.0360114432338506,0.03613413350649625,0.038368936616837615,0.02891749087867411,0.02897690754534135,0.028917490878674897,3601.1443233850596,3836.893661683762,4199.126669340538,18312500.0,183.125,0.0,0.036150455031909876,0.002184108615022851,0.0625,0.0625,0.0625,0.0625,0.0625,0.0625,0.0625,0.0625,0.0625,0.0625,0.0625,0.0625,0.0625,0.0625,0.0625,0.0625,S-DIAB__L3_K3_age,E2.4,L3_K3_age,0.04693070847683893,3
